hashtag;sys_time;user;location;image_description;image_url;image_type;video_url;verificated;publications;followers;followed;comment;date_time
#guillermolasso;2021-04-10T10:46:29.009241;santiagolasso;"";"";https://scontent-iad3-1.cdninstagram.com/v/t51.2885-15/e35/145495809_2743592632524092_4508328467877522432_n.jpg?tp=1&_nc_ht=scontent-iad3-1.cdninstagram.com&_nc_cat=108&_nc_ohc=pvxhFbtrDAgAX8PqfHX&edm=AP_V10EAAAAA&ccb=7-4&oh=9e701dfb6f243db2632ab072ab279198&oe=607420A5&_nc_sid=4f375e;video/mp4;https://scontent-iad3-1.cdninstagram.com/v/t50.16885-16/10000000_789497051660284_8450755311660379212_n.mp4?_nc_ht=scontent-iad3-1.cdninstagram.com&_nc_cat=104&_nc_ohc=ZF3BeoZCUQsAX_unqfe&edm=AP_V10EAAAAA&ccb=7-4&oe=607419E9&oh=0b10a23e755cd0aa609b3ee2ad30bf85&_nc_sid=4f375e;No verificado;"817";"13,1k";"1.434";"¬øPor qu√© @guillermolasso usa bast√≥n?\n\nUn poco de su historia. De coÃÅmo un siÃÅmbolo representa tanto en su vida, su lucha por perseverar.\n.\n.\n#GuillermoLasso\n#Bast√≥n\n#BanqueroLasso\n#LassoPresidente\n#LassoPresidente2021\n#VidaDeLasso\n#HistoriaDeSuperacion\n#HistoriasDeSuperacion\n#Inspiradores\n#Insoiracion\n#ModeloASeguir\n#NuestroOrgullo\n#VamosGuillermo\n#MilDeUna\n#VamosQuePodemos\n#RecemosPorEcuador\n#CapacidadParaCambiar\n#FeriadoBancario\n#LaVerdadSobreElFeriadoBancario\n#LassoEsEmpleo\n#LassoEsSeguridad\n#VamosPorElCambio\n#CarlosAndresVera";2021-02-03T12:38:17.000Z
#guillermolasso;2021-04-10T10:46:55.472755;eluniversocom;"";"";https://scontent-iad3-1.cdninstagram.com/v/t51.2885-15/e35/149424599_3688759051159654_5111831991726094181_n.jpg?tp=1&_nc_ht=scontent-iad3-1.cdninstagram.com&_nc_cat=110&_nc_ohc=eBqvcTExRLUAX_G5MB7&edm=AP_V10EAAAAA&ccb=7-4&oh=8b48f867df9586f5124c712c87156c64&oe=607430BF&_nc_sid=4f375e;video/mp4;https://scontent-iad3-1.cdninstagram.com/v/t50.2886-16/148983140_493942915118869_7557984281308869592_n.mp4?_nc_ht=scontent-iad3-1.cdninstagram.com&_nc_cat=101&_nc_ohc=Z6wb3oIlf6MAX_6A0Qx&edm=AP_V10EAAAAA&ccb=7-4&oe=6073C8FB&oh=26a98f63739fc9e74276f1cd0f3aa91b&_nc_sid=4f375e;Verificado;"16.491";"856k";"1.043";"Lasso reaccion√≥ anoche luego de conocer √∫ltimos datos del CNE\n\nEl candidato presidencial por el movimiento CREO, Guillermo Lasso, se pronunci√≥ anoche luego de conocer los √∫ltimos resultados que lo ponen arriba del aspirante por Pachakutik, Yaku P√©rez.\n\n#elecciones2021ec  #GuillermoLasso  #YakuP√©rez  #elecciones2021";2021-02-11T18:59:28.000Z
#guillermolasso;2021-04-10T10:47:21.207227;canalrtu;"Quito, Ecuador";"Photo by RTU in Quito, Ecuador. May be an image of 1 person, hair, outerwear and text that says 'Nacional rtu Noticias Encuesta Cedatos ubica a Lasso en primer lugar con el 29,5% √Ångel Polibio C√≥rdova se refiri√≥ los datos de √∫ltima encuesta electoral por parte de Cedatos. www. canalrtu.tv'.";https://scontent-iad3-1.cdninstagram.com/v/t51.2885-15/fr/e15/s1080x1080/123012577_361174855100705_743773129280352611_n.jpg?tp=1&_nc_ht=scontent-iad3-1.cdninstagram.com&_nc_cat=105&_nc_ohc=cv98bawqF30AX8dnyR4&edm=AP_V10EAAAAA&ccb=7-4&oh=27f0c8bf02761daab0e7534241c6b127&oe=6096B612&_nc_sid=4f375e;jpg;;No verificado;"13.303";"50,2k";"242";"üî¥[#ATENCI√ìN] Cedatos ubica a Guillermo Lasso en primer lugar con un 29,5%.\n\nEste martes, 27 de octubre, √Ångel Polibio C√≥rdova se refiri√≥ a los datos de la √∫ltima encuesta electoral por parte de Cedatos.\n\nEsta encuesta le da al candidato presidencial Guillermo Lasso de la Alianza CREO- PSC un 29,5%, mientras tanto le sigue con un 18,8% el candidato corre√≠sta Andr√©s Ar√°uz. En tercer lugar, la encuesta arroj√≥ a Yaku P√©rez con el 9,6%.\n\nC√≥rdova tambi√©n mencion√≥ que hay candidatos que no llegan al 5% y existe un voto oculto menor al 20%.\n\nM√°s detalles üëâ www.canalrtu.tv\n.\n.\n.\n#noticias #noticiasec #ecuador #cedatos #guillermolasso";2020-10-27T14:53:26.000Z
#guillermolasso;2021-04-10T10:47:47.138710;eluniversocom;"";"";https://scontent-iad3-1.cdninstagram.com/v/t51.2885-15/e35/149285988_1053873025099506_8960933070764755275_n.jpg?tp=1&_nc_ht=scontent-iad3-1.cdninstagram.com&_nc_cat=106&_nc_ohc=JLjNDyiZtgkAX-f0veq&edm=AP_V10EAAAAA&ccb=7-4&oh=a6460d132c42552f19bd663435fc1307&oe=6073F179&_nc_sid=4f375e;video/mp4;https://scontent-iad3-1.cdninstagram.com/v/t50.2886-16/10000000_1198227877262911_6910977293784894043_n.mp4?_nc_ht=scontent-iad3-1.cdninstagram.com&_nc_cat=107&_nc_ohc=RSpj9ysQNX0AX8x9_od&edm=AP_V10EAAAAA&ccb=7-4&oe=60741A42&oh=6c6cf7f8a2c4339da327994b0b3abd82&_nc_sid=4f375e;Verificado;"16.491";"856k";"1.043";"CNE decidi√≥ revisi√≥n de actas electorales\n\nLas actas de Guayas se revisar√°n en 100% y de otras 16 provincias se revisar√°n en un 50%.\n\nAs√≠ lo inform√≥ la tarde del viernes 12 de febrero de 2021 la presidenta del Consejo Nacional Electoral, Diana Atamaint, luego de una reuni√≥n que mantuvo con los candidatos Guillermo Lasso y Yaku P√©rez.\n\nP√©rez, de Pachakutik, inform√≥ que hab√≠a inconsistencia en algunas actas y por eso pidi√≥ una revisi√≥n en algunas provincias, lo que fue aceptado por Lasso, del movimiento CREO.\n\n Ambos buscan llegar a la segunda vuelta| el ganador de la primera vuelta fue Andr√©s Arauz, del movimiento UNES.\n\n#elecciones2021ec #ecuadordecide2021\n#elecciones2021Ecuador\n#yakuperez #guillermolasso";2021-02-13T15:38:24.000Z
#guillermolasso;2021-04-10T10:48:12.950186;ebicamacho;"";"Photo by Ebi Camacho on September 11, 2020. May be an image of 1 person and text that says 'Luis Eduardo Vivanco ivanco @luisevivanco CREO no ha entendido que hacerle el juego al gobierno le hace da√±o. C√≥mo se presentar√°n a las elecciones diciendo ""S√≠, nosotros protegimos la comisi√≥n de la impunidad""?'.";https://scontent-iad3-1.cdninstagram.com/v/t51.2885-15/e35/119044513_2849119348652153_4886013254009205906_n.jpg?tp=1&_nc_ht=scontent-iad3-1.cdninstagram.com&_nc_cat=105&_nc_ohc=NeqTu2kcOdIAX8ffXM-&edm=AP_V10EAAAAA&ccb=7-4&oh=c5f29333c998279c0149ca77effd899a&oe=6096773A&_nc_sid=4f375e;jpg;;No verificado;"5.563";"35k";"672";"Hasta el Vocero de #GuillermoLasso\n#LuisEduardoVivanco se da cuenta, que estan cubriendo a #MariaPaulaRomo los asambleistas de #Lasso.\nLos de #Creo & #AP del Gobiernonde #LeninMoreno, juntos son los que con su #Voto en la Asamblea, eliminaron Derechos de todos los trabajadores con la #LeyHumanidad aprovechando el #Covid19\n\nAutor:\n#EbiCamacho";2020-09-11T13:58:34.000Z
#guillermolasso;2021-04-10T10:48:38.829667;eluniversocom;"Ecuador";"";https://scontent-iad3-1.cdninstagram.com/v/t51.2885-15/e35/148990764_501341261264583_1513741841056004396_n.jpg?tp=1&_nc_ht=scontent-iad3-1.cdninstagram.com&_nc_cat=103&_nc_ohc=v9xrVLqdbSEAX_CJy-6&edm=AP_V10EAAAAA&ccb=7-4&oh=ca2b02908d125f5d6220aba70fceae9c&oe=6073EA8B&_nc_sid=4f375e;video/mp4;blob:https://www.instagram.com/7f99c321-3b50-4d3b-8ae5-0b0c4ab85f9c;Verificado;"16.491";"856k";"1.043";"Desde las 11:25 se desarrolla el encuentro entre los candidatos Guillermo Lasso y Yaku P√©rez, en el CNE. Entre las propuestas a debate, Lasso planea abrir las urnas en Guayaquil y P√©rez contrapropone abrir urnas en 16 provincias. VIDEO de todo el encuentro, deslizando en nuestra historia destacada 'Resultados preliminares' üîù\n\nüì∏ Video: API/Daniel Molineros\n\n#EleccionesEcuador2021 #Elecciones2021ec #Elecciones2021 #GuillermoLasso #YakuP√©rez #pol√≠ticaEcuador";2021-02-12T20:04:30.000Z
#guillermolasso;2021-04-10T10:49:04.842155;ecuador_tierrita_mia;"";"Photo by Ecuador Tierrita M√≠a on February 03, 2021. May be an image of one or more people, people standing and text that says 'f Ecuador Tierrita M√≠a Im @ecuador_ @ecuador_tierrita_mia mia Frases prohibidas para este domingo: Ya que chch4s -Chulla vida -Arr3chO nunca muer3 y si mu3re, muere arr3cho'.";https://scontent-iad3-1.cdninstagram.com/v/t51.2885-15/e35/145790344_3665763783544795_6088406316921572470_n.jpg?tp=1&_nc_ht=scontent-iad3-1.cdninstagram.com&_nc_cat=107&_nc_ohc=IeGdkyKEi_sAX_aLgut&edm=AP_V10EAAAAA&ccb=7-4&oh=a82357468ed1fb4c841eec74c09e6d1e&oe=6096563B&_nc_sid=4f375e;jpg;;No verificado;"282";"3.436";"77";"Pensar√°n bien mij@s üá™üá®ü•∫‚úÖ\n\n#ecuador #ecuadorüá™üá® #ecuatorianadas #ecuadormipais #ecuafrases #frases #imagenesconfrases #frasesecuatorianas #yaku #agua #yakuperez #leyseca #elecciones #campa√±aelectoral #votaciones #2021 #guillermolasso #arauz #hervas";2021-02-04T03:22:09.000Z
#guillermolasso;2021-04-10T10:49:30.459620;elnoticierotc;"";"Photo by El Noticiero on February 12, 2021. May be an image of 2 people and text that says 'WWW.TCTELEVISION. COM/VOZYVOTO 1001 ELECCIONES 2021 SE LLEVA A CABO REUNI√É‚ÄúN ENTRE GUILLERMO LASSO Y YAKU P√âREZ EN EL CNE LOS CANDIDATOS PRESIDENCIALES SOLICITAN TRANSAPRENCIA TRANSAP EN LOS CONTEOS ELECTORALES TC'.";https://scontent-iad3-1.cdninstagram.com/v/t51.2885-15/e35/s1080x1080/149932405_862402117678415_4797291921296890116_n.jpg?tp=1&_nc_ht=scontent-iad3-1.cdninstagram.com&_nc_cat=111&_nc_ohc=JRYSfgeR8bUAX8CFSbx&edm=AP_V10EAAAAA&ccb=7-4&oh=a74eba17970c4a2a34bd731ed4e6854b&oe=6096CD61&_nc_sid=4f375e;jpg;;No verificado;"22.285";"280k";"487";"#ATENCIOÃÅN üî¥| Los candidatos presidenciales #GuillermoLasso y #YakuPeÃÅrez llevan a cabo su reunioÃÅn con fines poliÃÅticos en las instalaciones del Congreso Nacional Electoral (CNE) en #Quito .\n-\nEl encuentro se lleva a cabo en presencia de Miembros de la MisioÃÅn de ObservacioÃÅn Electoral de la OEA, medios de comunicacioÃÅn y autoridades del CNE.";2021-02-12T16:57:26.000Z
#guillermolasso;2021-04-10T10:49:56.140089;eluniversocom;"";"";https://scontent-iad3-1.cdninstagram.com/v/t51.2885-15/e35/150633959_738758486809229_5992359588463401158_n.jpg?tp=1&_nc_ht=scontent-iad3-1.cdninstagram.com&_nc_cat=105&_nc_ohc=b9KVW8yE8YoAX8Gq0Ot&edm=AP_V10EAAAAA&ccb=7-4&oh=d6948131f7905f63515db71ca3a9c254&oe=60740608&_nc_sid=4f375e;video/mp4;https://scontent-iad3-1.cdninstagram.com/v/t50.2886-16/10000000_771578420405619_4034072090499734377_n.mp4?_nc_ht=scontent-iad3-1.cdninstagram.com&_nc_cat=103&_nc_ohc=_U95-31b7hIAX_34RhP&edm=AP_V10EAAAAA&ccb=7-4&oe=60746BA5&oh=1e04bbb3fa7ce4257bad0b82df0a4ad3&_nc_sid=4f375e;Verificado;"16.491";"856k";"1.043";"La disputa entre Guillermo Lasso y Yaku P√©rez\n\nEl desacuerdo entre los candidatos a la Presidencia de #Ecuador, que se disputan el segundo lugar para pasar a la pr√≥xima jornada electoral en #Ecuador. Mira el video üîù (Guarda y comparte para que llegue a m√°s personas)\n\n#EleccionesEcuador2021 #Elecciones2021Ec #GuillermoLasso #YakuP√©rez";2021-02-19T01:39:08.000Z
#guillermolasso;2021-04-10T10:50:21.755554;eldiarioec;"";"Photo by El Diario on February 22, 2021. May be an image of 1 person and text that says 'ED El Diario ACTUALIDAD ACTUALDA GUILLERMO LASSO: ""VOY A EXTENDER LA MANO A QUIENES PIENSAN DIFERENTE A MI""'.";https://scontent-iad3-1.cdninstagram.com/v/t51.2885-15/e35/153602551_437770157478397_876516411787954359_n.jpg?tp=1&_nc_ht=scontent-iad3-1.cdninstagram.com&_nc_cat=101&_nc_ohc=u4nYPdIr_ZkAX-FuVgm&edm=AP_V10EAAAAA&ccb=7-4&oh=fbfe94faa081ee020bb7017746680e24&oe=6098BBBF&_nc_sid=4f375e;jpg;;No verificado;"6.198";"78,8k";"43";"#ACTUALIDAD\nEste lunes, mediante una rueda de prensa, el candidato presidencial #GuillermoLasso agradeci√≥ el apoyo brindado en las elecciones del 7 de febrero, destacando que este le permiti√≥ avanzar a la segunda vuelta electoral. ‚ñ∫‚ñ∫http://ow.ly/giTT50DGNeQ";2021-02-22T17:53:25.000Z
#guillermolasso;2021-04-10T10:50:47.297015;carlo_celi;"";"Photo by Carlo on November 11, 2020. May be an illustration of text that says 'ESTRATEGIAS DE GUILLERMO LASSO CAMPANA: ƒ∞YA, QU√â CHUCHA! ES YEL LO SABE... VIERNES CUERPO ...HUEVOS LOL UNA CERVECITA APARENTAR SER ""DEL PUEBLO, HABLANDO PENDEJADAS'.";https://scontent-iad3-1.cdninstagram.com/v/t51.2885-15/e35/124997807_425446935113035_2063071220498022379_n.jpg?tp=1&_nc_ht=scontent-iad3-1.cdninstagram.com&_nc_cat=107&_nc_ohc=iLcQBTIRyC4AX-2KMhe&edm=AP_V10EAAAAA&ccb=7-4&oh=c7cd2fbf4213d9b2b1b839d4bc0f33a6&oe=6097E059&_nc_sid=4f375e;jpg;;No verificado;"573";"2.971";"1.031";"Estrategias est√∫pidas de campa√±a\nHoy: Guillermo Lasso\n\n#cuarentenadedibujos\n#quedateencasa #quedateencasaconcaricato\n#cuarentena #pandemia #caricato #ecuador #caricatura #sketch #ilustracion #quito #comunicart #comic #dibujaloentuestilo #handmade #hechoamano #artista #resistiendoconaguante #sketching #dibujo #arte #lasso #elecciones #guillermolasso #creo #google #yaquechucha";2020-11-11T19:52:16.000Z
#guillermolasso;2021-04-10T10:51:12.811474;ecuadormemezonico;"";"Photo by Ecuador Memezonico¬ÆÔ∏è üåé on February 07, 2021. May be a cartoon of 3 people and text that says '34,94% Exit poll CEDATOS 20,99% 17,99% Andr√©s Arauz Guie Guillermo Yaku P√©rez'.";https://scontent-iad3-1.cdninstagram.com/v/t51.2885-15/e35/147439472_1066261973849335_1031202062929598844_n.jpg?tp=1&_nc_ht=scontent-iad3-1.cdninstagram.com&_nc_cat=107&_nc_ohc=NXRD76TF2doAX-EcyBe&edm=AP_V10EAAAAA&ccb=7-4&oh=b4807025b9fb78c9de2dfa13a851fd84&oe=609770C0&_nc_sid=4f375e;jpg;;No verificado;"498";"7.247";"94";"RESULTADOS NO OFICIALES üò∞üò® √ëA√ëOSSH YA ME DIO MIEDITOO\n\n#ecuadormemezonico #guayaco #elecciones2021ec #guillermolasso #andresarauz #yaku #ecuadorprimero #resultadoselectorales";2021-02-07T22:38:43.000Z
#guillermolasso;2021-04-10T10:51:38.347935;ebicamacho;"";"Photo by Ebi Camacho on January 25, 2021. May be an image of one or more people, food and text that says 'C TIMA HORA ECUADPR CONSEJEROS DEL CNE NO SERAN DESTITUIDOS: SENTENCIA DEL TCE SUSPENDIDA HASTA FINAL DE ELECCIONES www ultimahoraed'.";https://scontent-iad3-1.cdninstagram.com/v/t51.2885-15/e35/142820255_2831101777132469_3133697301821659590_n.jpg?tp=1&_nc_ht=scontent-iad3-1.cdninstagram.com&_nc_cat=105&_nc_ohc=pPmOw__0I1AAX-QvlzM&edm=AP_V10EAAAAA&ccb=7-4&oh=d256e94a917380f4282946728345c0ad&oe=609616F7&_nc_sid=4f375e;jpg;;No verificado;"5.563";"35k";"672";"#Ecuador\n\nGracias a los Democratas "" ironia"" #JaimeNebot & #GuillermoLasso es definitivo que no va #AlvaroNoboa en las Elecciones2021.\n\n#EbiCamacho";2021-01-26T02:29:59.000Z
#guillermolasso;2021-04-10T10:52:04.066406;elnoticierotc;"";"Photo by El Noticiero on February 11, 2021. May be an image of 2 people and text.";https://scontent-iad3-1.cdninstagram.com/v/t51.2885-15/e35/s1080x1080/149031047_2906621736241971_1225736356957819104_n.jpg?tp=1&_nc_ht=scontent-iad3-1.cdninstagram.com&_nc_cat=103&_nc_ohc=QKo4PtTtPpAAX_3rHmX&edm=AP_V10EAAAAA&ccb=7-4&oh=73371d1035e28e588158c4b1966d261c&oe=6096B9B2&_nc_sid=4f375e;jpg;;No verificado;"22.285";"280k";"487";"El candidato presidencial #GuillermoLasso acept√≥ la invitaci√≥n de su contendiente electoral #YakuP√©rez para reunirse este viernes 12 de febrero en el Consejo Nacional Electoral (CNE) en #Quito .\n-\nEl encuentro se dar√° a partir de las 11H00 y tratar√°n un posible acuerdo para la apertura de urnas y un conteo voto a voto tras las elecciones presidenciales del pasado 7 de febrero.";2021-02-12T00:12:52.000Z
#guillermolasso;2021-04-10T10:52:29.750875;santiagolasso;"";"";https://scontent-iad3-1.cdninstagram.com/v/t51.2885-15/e35/167256508_284544223286293_6608656443017994377_n.jpg?tp=1&_nc_ht=scontent-iad3-1.cdninstagram.com&_nc_cat=101&_nc_ohc=tlLbl7G29xEAX87g3f6&edm=AP_V10EAAAAA&ccb=7-4&oh=40b3a8b49c37f4a7d3a02fbbaeaaf3c2&oe=6073D7E8&_nc_sid=4f375e;video/mp4;blob:https://www.instagram.com/e0b1aa1c-0a02-47d1-962e-afa2ceb5b14a;No verificado;"817";"13,1k";"1.434";"Con la barra del cambio desde #Manabi.\n\nVamos todos, lleguemos hasta el √∫ltimo rinc√≥n con las propuestas de @guillermolasso, con alegria y con la verdad para enfrentar tanta mentira de #AndresNoMientasOtraVez.\n\n#LassoPresidente #Ecuador #Portoviejo #Manta #Jipijapa #LaRosa #GuillermoLasso #Arauz #VacunadosContraLaMentira";2021-04-02T08:35:33.000Z
#guillermolasso;2021-04-10T10:52:55.410342;eluniversocom;"Ecuador";"Photo by El Universo on January 25, 2021. May be an image of 1 person, food and text that says 'EU ELECCIONES:2021 PLAN DE GOBIERNO DE GUILLERMO LASSO LISTA21 ALIANZA PSC-MOVIMIENTO CREO'.";https://scontent-iad3-1.cdninstagram.com/v/t51.2885-15/e35/s1080x1080/142007694_729034377799017_8985679199942192510_n.jpg?tp=1&_nc_ht=scontent-iad3-1.cdninstagram.com&_nc_cat=109&_nc_ohc=ZEu6KdoA4F0AX_arSPb&edm=AP_V10EAAAAA&ccb=7-4&oh=3f005bf8da85159eb80986b8b367fcc3&oe=60988B23&_nc_sid=4f375e;jpg;;Verificado;"16.491";"856k";"1.043";"Los impuestos que plantea eliminar y los que quiere reducir est√°n detallados en el plan de trabajo que el l√≠der del movimiento CREO Lista 21. \n\nGuillermo Lasso, present√≥ al Consejo Nacional Electoral (CNE). Esta vez participa en las presidenciales en alianza con el Partido Social Cristiano (PSC).\n\nVarias reformas legales son parte de su propuesta de 86 p√°ginas. Aqu√≠ algunos puntos de su plan de gobierno.\n\nEl plan completo de gobierno del candidato lo puede revisar ingresando al link de nuestra bio. ‚¨ÜÔ∏è\n\n#GuillermoLasso  #elecciones2021  #eleccionespresidenciales  #eleccionesenEcuador  #EcuadorDecide2021  #vote";2021-01-25T22:17:56.000Z
#guillermolasso;2021-04-10T10:53:20.976805;rostrosec;"";"Photo by Rostros Ecuador on February 12, 2021. May be an image of 2 people and text that says '12/02/2021 RECONTEO DE VOTOS AL 100% EN GUAYAS Y 50% EN 16 PROVINCIAS TRAS ACUERDO ENTRE PEREZ Y LASSO ROSTROS EC agua Somos Compartir'.";https://scontent-iad3-1.cdninstagram.com/v/t51.2885-15/e35/p1080x1080/149041308_3718774018170620_4989488198521340357_n.jpg?tp=1&_nc_ht=scontent-iad3-1.cdninstagram.com&_nc_cat=108&_nc_ohc=Gc694VL-Xo4AX9U2252&edm=AP_V10EAAAAA&ccb=7-4&oh=80ed4e8e96ec6ad09aa18ea628933e2b&oe=6095772C&_nc_sid=4f375e;jpg;;No verificado;"1.145";"199k";"116";"Luego de casi seis horas, el Consejo Nacional Electoral (CNE), anunci√≥ que se lleg√≥ a un acuerdo con los presidenciables #GuillermoLasso (Creo-PSC) y #YakuP√©rez (Pachakutik), en relaci√≥n al proceso de escrutinio de las elecciones generales, la tarde de este viernes 12 de febrero del 2021.\n\nüëâDiana Atamaint, Presidenta del CNE, confirm√≥ que se revisar√° el 100% de la votaci√≥n en Guayas, incluidas las actas con novedades. Adem√°s, se revisar√° el 50% de la votaci√≥n en 16 provincias. Aclar√≥ que se trata de un proceso de revisi√≥n contable de los votos del paquete electoral, ""sin significaci√≥n estad√≠stica"".\n\nüó≥ El CNE elaborar√° un instructivo para la operativizaci√≥n inmediata del acuerdo. Adem√°s, se habilitar√° una veedur√≠a ciudadana al sistema inform√°tico con delegados de las partes.\n\nüó£Atamaint precis√≥ que una vez terminado el proceso de revisi√≥n se har√° la proclamaci√≥n definitiva de resultados. ""Todo el proceso se transmitir√° en vivo en los canales del CNE de manera continua‚Äù, termino.";2021-02-12T23:21:40.000Z
#guillermolasso;2021-04-10T10:53:46.529266;ebicamacho;"";"Photo by Ebi Camacho on January 28, 2021. May be an image of 3 people, food and text that says 'Ecuador Cifras DESEMPLEO 8'379.355 de Poblaci√≥n Econ√≥micamente Activa, solo 3‚Äô228.032 tienen empleo fijo 5'151.323 Sobreviven! EBI camacho 2020'.";https://scontent-iad3-1.cdninstagram.com/v/t51.2885-15/e35/143071458_4074191772592962_4067409512711543567_n.jpg?tp=1&_nc_ht=scontent-iad3-1.cdninstagram.com&_nc_cat=106&_nc_ohc=nx2TCoh3wm4AX_XokqM&edm=AP_V10EAAAAA&ccb=7-4&oh=dea3c9c4d0ed6ad4695c1302587ff5e0&oe=60976388&_nc_sid=4f375e;jpg;;No verificado;"5.563";"35k";"672";"#Ecuador\n\n#CifrasDeEnero2020\n\nDe las 8‚Äô379.355 personas que conforman la Poblaci√≥n Econ√≥micamente Activa (#PEA) en el pa√≠s, solo 3‚Äô228.032 tienen un empleo adecuado. Mientras que, 5‚Äô151.323 est√°n #Sobreviviendo.\n\nEl Gobierno Elimino Medicos & medicinas en Hospitales Publicos.\nEl Gobierno Elimino Libros Uniformes & Desayuno escolar.\n\nSin Empleo, sin Medicinas sin Estudios.\nPobreza Extrema! Obras de #GuillermoLasso este era su Oferton de Temporada!.\n\n¬øAcaso se olvidaron?.\n\nAutor:\n#EbiCamacho";2021-01-28T13:34:07.000Z
#guillermolasso;2021-04-10T10:54:12.508752;rostrosec;"";"";https://scontent-iad3-1.cdninstagram.com/v/t51.2885-15/fr/e15/p1080x1080/150148804_698270880855069_2466646696111543484_n.jpg?tp=1&_nc_ht=scontent-iad3-1.cdninstagram.com&_nc_cat=109&_nc_ohc=chGV8alIlc0AX_TCCsp&edm=AP_V10EAAAAA&ccb=7-4&oh=e04ad35e950ff003c2544804b41c5537&oe=6073D799&_nc_sid=4f375e;video/mp4;https://scontent-iad3-1.cdninstagram.com/v/t50.2886-16/10000000_1155544728220957_3699550065625454012_n.mp4?_nc_ht=scontent-iad3-1.cdninstagram.com&_nc_cat=101&_nc_ohc=HOHf0D7IHdcAX_tao9v&edm=AP_V10EAAAAA&ccb=7-4&oe=60745CC2&oh=73ff2a1cd384c7ca60f1071d7faa77c6&_nc_sid=4f375e;No verificado;"1.145";"199k";"116";"El di√°logo que termin√≥ en debate entre Yaku P√©rez y Guillermo Lasso\n\nEl encuentro entre los presidenciales #YakuPeÃÅrez y #GuillermoLasso de CREO-PSC y PachaKutik avanza sin ninguÃÅn acuerdo para discutir mecanismos para recontar los votos en las provincias en las que supuestamente habriÃÅan anomaliÃÅas en actas y papeletas.\n\nüëâLos dos presidenciales se disputan llegar al balotaje en medio de un conteo nacional del CNE, que los separa en porcentajes miÃÅnimos de votacioÃÅn para entrar a la segunda vuelta del 11 de abril del 2021.\n\nüë•Yaku PeÃÅrez pidioÃÅ al principio recontar el voto en las 24 provincias del #Ecuador, luego dijo que se puede hacerlo en 16 provincias del paiÃÅs en donde, asegura, hay irregularidades. Mientras, Guillermo Lasso propone recontar el 100% de los votos en Guayaquil. PeÃÅrez dice que este proceso en todo el paiÃÅs durariÃÅa entre 12 y 15 diÃÅas. ¬øQueÃÅ opinas? üí¨";2021-02-12T22:05:27.000Z
#guillermolasso;2021-04-10T10:54:38.670248;elnoticierotc;"";"Photo by El Noticiero on February 11, 2021. May be an image of 3 people and text.";https://scontent-iad3-1.cdninstagram.com/v/t51.2885-15/e35/s1080x1080/148664329_737997876853659_3124927398431382677_n.jpg?tp=1&_nc_ht=scontent-iad3-1.cdninstagram.com&_nc_cat=103&_nc_ohc=LY3N2vQKmBMAX8Cty6t&edm=AP_V10EAAAAA&ccb=7-4&oh=2934281975988b0f2ef92ff47bab76ef&oe=609734EF&_nc_sid=4f375e;jpg;;No verificado;"22.285";"280k";"487";"üó≥Ô∏è Con actualizacioÃÅn del CNE a las 11H18 el candidato #AndreÃÅsArauz se mantiene liderando las #Elecciones2021Ec üá™üá® con 32,62% seguido de #GuillermoLasso, con 19,68% y en tercer lugar #YakuPeÃÅrez con 19,48% ‚úçÔ∏è.\n-\nüì≤ Los resultados en vivo: www.tctelevision.com/vozyvoto";2021-02-11T16:25:12.000Z
#andresarauz;2021-04-10T12:06:00.023128;pagina12;"";"Photo by P√°gina/12 on November 08, 2020. May be an image of 1 person, hair and text that says 'P√°ginall2 "" ""El mensaje del pueblo boliviano fue muy claro: no m√°s dictaduras, no m√°s golpes de Estado, no m√°s abusos por parte de oligarqu√≠as"" Luis Arce, presidente electo de Bolivia'.";https://scontent-iad3-1.cdninstagram.com/v/t51.2885-15/e35/124670682_121458516225223_7794384772022380412_n.jpg?tp=1&_nc_ht=scontent-iad3-1.cdninstagram.com&_nc_cat=107&_nc_ohc=xOdMvSzhZXAAX83HOmd&edm=AP_V10EAAAAA&ccb=7-4&oh=28fef06c19c2a3fa2f05c24902870f07&oe=6098FC7B&_nc_sid=4f375e;jpg;;Verificado;"6.518";"574k";"14";"""NO M√ÅS ABUSOS""\nLuis Arce comparti√≥ una entrevista con el candidato presidencial de Ecuador, Andr√©s Arauz. Los dos se esperanzaron con la construcci√≥n de ""una nueva ola progresista"" que deje atr√°s a las dictaduras y los golpes de Estado. #LuisArce #AndresArauz";2020-11-08T12:59:38.000Z
#andresarauz;2021-04-10T12:06:25.959611;andresarauzpresidente;"";"Photo by Andr√©s Arauz presidente on August 22, 2020. May be an image of text that says 'M√ÅS CLARO IMPOSIBLE Andr√©s Arauz presidente'.";https://scontent-iad3-1.cdninstagram.com/v/t51.2885-15/e35/118168865_337403490749893_7118921004219610243_n.jpg?tp=1&_nc_ht=scontent-iad3-1.cdninstagram.com&_nc_cat=101&_nc_ohc=Cnd0P8AIKzQAX9twVYQ&edm=AP_V10EAAAAA&ccb=7-4&oh=e56f15f3a7388e260cf93fbd8bf85b9e&oe=609778C5&_nc_sid=4f375e;jpg;;No verificado;"456";"18,3k";"7.546";"#andresarauz #rafaelcorreadelgado";2020-08-22T20:31:26.000Z
#andresarauz;2021-04-10T12:06:51.693083;ebicamacho;"";"Photo by Ebi Camacho on January 04, 2021. May be an image of 1 person, outerwear and text that says 'Ecuador 04-01-21 En entrevista| ""Creemos que no va a ser necesario aplicar el indulto a Rafael Correa) porque los mismos jueces van a revisar las decisiones judiciales"" Andres Arauz SYA CANDIDATO PRESIDENCIAL @EcuadorVideo comparte comenta siguenos'.";https://scontent-iad3-1.cdninstagram.com/v/t51.2885-15/e35/135817663_192950662556363_2133907841035357206_n.jpg?tp=1&_nc_ht=scontent-iad3-1.cdninstagram.com&_nc_cat=111&_nc_ohc=5H_5lDt6PMoAX8dDvn6&edm=AP_V10EAAAAA&ccb=7-4&oh=e7aa775599eec7ea32634a89c9181011&oe=60966A24&_nc_sid=4f375e;jpg;;No verificado;"5.563";"35k";"672";"#AndresArauz\n\nAl parecer solo la cara de los #Polivoces tienes...\nCierto! #RafaelCorrea quedara libre, no por indulto, queda libre porque la #Fiscalia ha forjado pruebas en todos sus procesos Judiciales.\n\n#EbiCamacho";2021-01-04T20:39:20.000Z
#andresarauz;2021-04-10T12:07:17.399553;castoocandonews;"";"Photo by CastoOcandoNews-Primer Informe on February 08, 2021. May be an image of 2 people, people standing, outdoors and text that says 'primer informe QUERIDO ECUADOR te invito a votar por ANDR√âS ARAUZ el candidato de la REVOLUCI√É‚ÄúN CIUDADANA juntosrecuper ELFUTURO Un 'todos contra Correa' marcar√° la segunda vuelta en Ecuador'.";https://scontent-iad3-1.cdninstagram.com/v/t51.2885-15/e35/146893994_442528156871888_2057218016520873221_n.jpg?tp=1&_nc_ht=scontent-iad3-1.cdninstagram.com&_nc_cat=108&_nc_ohc=3VxrUlDzd6sAX_I_V0v&edm=AP_V10EAAAAA&ccb=7-4&oh=44a6e76c99c0e1e578a9b74f5a3572c3&oe=60963F09&_nc_sid=4f375e;jpg;;No verificado;"4.634";"115k";"142";"Tras la confirmaci√≥n de la segunda vuelta en Ecuador, tras un conteo r√°pido del Consejo Nacional Electoral (CNE) ratificando ganador al candidato corre√≠sta Andr√©s Arauz, sin embargo el tema est√° en la definici√≥ de su contendor.\n\nEl segundo puesto est√° muy re√±ido, con una disputa entre el l√≠der ind√≠gena Yaku P√©rez, quien acumul√≥ un 20,04% de los votos y Guillermo Lasso con un 19,97%.\n\nTras el conteo r√°pido del CNE, basado en el 90,4% de las 2.425 juntas receptoras del voto, P√©rez sali√≥ inmediatamente a defender sus votos y asegur√≥ que ser√° el candidato que enfrentar√° a Ara√∫z en la segunda vuelta en Ecuador.\n\nM√°s detalles en primerinforme.com\n.\n.\n.\n#CastoNews #News #Noticias #Nacionales #Internacionales #Venezuela #Pol√≠tica #Narcotr√°fico #8ene #Primerinforme #primicia #investigaci√≥n #Ecuador #Votos #AndresArauz";2021-02-08T18:32:17.000Z
#andresarauz;2021-04-10T12:07:42.959015;andresarauzpresidente;"";"Photo by Andr√©s Arauz presidente on August 27, 2020. May be an image of 1 person and text that says 'ANDRES ARAUZ PRESIDENTE ES OFICIAL RAFAEL CORREA TIENE INMUNIDAD ELECTORAL Y VENDR√Å A ECUADOR LOS PR√ìXIMOS D√çAS.'.";https://scontent-iad3-1.cdninstagram.com/v/t51.2885-15/e35/118248220_330783281396441_3805981828824152901_n.jpg?tp=1&_nc_ht=scontent-iad3-1.cdninstagram.com&_nc_cat=105&_nc_ohc=KkUUwvlHmQsAX-rS-by&edm=AP_V10EAAAAA&ccb=7-4&oh=dc70685d2bb8380e5a3a1dbcc588ed70&oe=60958204&_nc_sid=4f375e;jpg;;No verificado;"456";"18,3k";"7.546";"#andresarauz #rafaelcorrea vuelve la esperanza";2020-08-27T21:51:43.000Z
#andresarauz;2021-04-10T12:08:08.611483;cesarcerdav;"";"Photo by Cesar Cerda Vel√°squez on October 09, 2020. May be an image of 1 person and outerwear.";https://scontent-iad3-1.cdninstagram.com/v/t51.2885-15/e35/121087223_1742774935869706_818342368493638633_n.jpg?tp=1&_nc_ht=scontent-iad3-1.cdninstagram.com&_nc_cat=110&_nc_ohc=3vDsT6RWZ4UAX-OweE6&edm=AP_V10EAAAAA&ccb=7-4&oh=e3ab378d485c90837920b198864aed65&oe=6098994E&_nc_sid=4f375e;jpg;;No verificado;"1.142";"13k";"5.876";"Junto al Compa√±ero #AndresArauz Futuro Presidente del #Ecuador, luego de una larga agenda en #Guayaquil disfrutamos del encuentro Argentina Vs Ecuador en el sur de la ciudad.\n\n#UnaSolaVuelta\n#ArauzPresidente";2020-10-09T21:37:24.000Z
#andresarauz;2021-04-10T12:08:34.366956;andrea1988ec;"Toctiuco";"Photo by ü¶ãAndrea Carolinaü¶ã in Toctiuco. May be an image of 3 people, people standing and outerwear.";https://scontent-iad3-1.cdninstagram.com/v/t51.2885-15/e35/136670617_473263420333008_4536322153489148917_n.jpg?tp=1&_nc_ht=scontent-iad3-1.cdninstagram.com&_nc_cat=100&_nc_ohc=0gNIH5YNFtIAX-9bdHp&edm=AP_V10EAAAAA&ccb=7-4&oh=ac55bd80e00e64b5548d14fea656ae63&oe=6095DBF9&_nc_sid=4f375e;jpg;;No verificado;"965";"8.615";"7.414";"Primas y militantes de la Revoluci√≥n Ciudadana desde la adolescencia. Te amo primita @gaby_itu_010688 ü§çüß° Hoy juntas en la campa√±a de nuestro futuro presidente @ecuarauz #binomiodelaesperanza #arauzpresidente2021 #arauzrabascall #setratadetodos #unoauno #lista1 #rafaelcorrea #politicalcampaign #citizenrevolution #andresarauz #politica #campa√±apolitica #cousins #cousinsüíï #family";2021-01-08T04:26:42.000Z
#andresarauz;2021-04-10T12:08:59.958420;chochomonge;"Guayaquil, Ecuador";"Photo by Luis Monge Espinel in Guayaquil, Ecuador with @ecuarauz. May be an image of 2 people and text that says 'CENTRO Ara Rabas vota todo'.";https://scontent-iad3-1.cdninstagram.com/v/t51.2885-15/e35/136185540_805394153391374_6239161567892245081_n.jpg?tp=1&_nc_ht=scontent-iad3-1.cdninstagram.com&_nc_cat=102&_nc_ohc=tNdmZOtjn7wAX9-ejzs&edm=AP_V10EAAAAA&ccb=7-4&oh=c33064ad45eca664d30e74cc36efb1b2&oe=60980414&_nc_sid=4f375e;jpg;;Verificado;"5.672";"13,8k";"916";"¬°Guayaquil es 1!\n\n#ArauzPresidente";2021-01-09T17:43:27.000Z
#andresarauz;2021-04-10T12:09:25.639888;integracion_ciudadana;"Ballenita Provincia de Santa Elena";"Rafael correa delgado Virgilio Hernandez";https://scontent-iad3-1.cdninstagram.com/v/t51.2885-15/e35/146993479_419689382449454_717730214159439667_n.jpg?tp=1&_nc_ht=scontent-iad3-1.cdninstagram.com&_nc_cat=102&_nc_ohc=uXIRDvt1S3gAX9CtfeO&edm=AP_V10EAAAAA&ccb=7-4&oh=5c2fa5c49bd2b53587d92138ec9a4cd8&oe=60978ACE&_nc_sid=4f375e;jpg;;No verificado;"239";"13,4k";"3.008";"#LeninMera ¬°Vamos a recuperar la Patria! üá®üá¥ #RafaelCorreaDelgado üëè\n\n#RafaelCorrea #RafaelCorrea #RAFAELCORREA #jorgeglas #revolucionciudadana #mashirafaelcorrea #ECUADOR #correa #RafaelCorrea #RafaelCorreaDelgado #manta #QUITO #GUAYAQUIL #manabi #loja #daule #RAFAELCORREA #REVOLUCIONCIUDADANA #mashirafaelcorrea #RafaelCorreaDelgado #RafaelCorrea #RAFAELCORREA #correa #revolucionciudadana #rafelcorrea #ecuador #rafelcorrea #ANDRESARAUZ #CarlosRabascall #JorgeGlas #ecuador #RAFAELCORREA #REVOLUCIONCIUDADANA #mashirafaelcorrea #RafaelCorreaDelgado #RafaelCorrea #manta #quito #GUAYAQUIL #manabi #loja #daule #mashirafaelcorrea #ECUADOR #correa #RafaelCorrea #RafaelCorreaDelgado #manta #RAFAELCORREA #ANDRESARAUZ #ARAUZ #RABASCALL #Glas #RAFAELCORREA #correa #RafaelCorrea #RafaelCorreaDelgado #correa #ANDRESARAUZ #CarlosRabascall #correa #RafaelCorrea #ANDRESARAUZ #ARAUZ##\n#RABASCALL #CarlosRabascall #ecuador #quito #GUAYAQUIL #manabi #RAFAELCORREA #REVOLUCIONCIUDADANA #mashirafaelcorrea #RafaelCorreaDelgado #RafaelCorrea #ANDRESARAUZ #ARAUZ #RABASCALL #CarlosRabascall #ecuador #rafelcorrea #ANDRESARAUZ #CarlosRabascall #JorgeGlas #ecuador #RAFAELCORREA #REVOLUCIONCIUDADANA #mashirafaelcorrea";2021-02-05T22:07:20.000Z
#andresarauz;2021-04-10T12:09:51.163348;sofiaespinrcec;"";"Photo by SofiÃÅa EspiÃÅn on December 23, 2020. May be an image of 2 people, outerwear and text that says 'vota todo 1 PRESIDENTE Andr√©s Arauz Arauz Andr√©s Arauz RESIDEN'.";https://scontent-iad3-1.cdninstagram.com/v/t51.2885-15/e35/132190900_212065563809650_6580047393192736618_n.jpg?tp=1&_nc_ht=scontent-iad3-1.cdninstagram.com&_nc_cat=110&_nc_ohc=7Ni8CYvVrNMAX-H2K6M&edm=AP_V10EAAAAA&ccb=7-4&oh=2919fd2cb3212ea991d74474ad63e11b&oe=60971F09&_nc_sid=4f375e;jpg;;No verificado;"175";"1.785";"154";"Todos juntos para recuperar la Patria ‚úäüß°\n\n#BinomioArauzRabascall #BinomioDeLaEsperanza #RafaelCorrea #AndresArauz";2020-12-24T01:41:56.000Z
#andresarauz;2021-04-10T12:10:16.681808;ebicamacho;"";"Photo by Ebi Camacho on January 16, 2021. May be an image of 1 person, outerwear and text that says 'ELECCIONES 2321 metre DEBATE PRESIDENCIAL CNE "" MIL D√É‚ÄúLARES A UN MILL√É‚ÄúN DE FAMILIAS EN LA PRIMERA SEMANA DE NUESTRO GOBIERNO. MI TRABAJO SER√Å GENERAR TRABAJO PARA USTEDES ANDR√âS ARAUZ CANDIDATO metr'.";https://scontent-iad3-1.cdninstagram.com/v/t51.2885-15/e35/139349995_110531114322932_4363874325999720675_n.jpg?tp=1&_nc_ht=scontent-iad3-1.cdninstagram.com&_nc_cat=108&_nc_ohc=2qWI5F_2LcwAX8Yznbu&edm=AP_V10EAAAAA&ccb=7-4&oh=c763f24619304754bfe3cd0ad171fb3c&oe=6098B427&_nc_sid=4f375e;jpg;;No verificado;"5.563";"35k";"672";"#AndresArauz\n\nDe este tema hablaremos ma√±ana por la noche, & sabran los #Ecuatorianos si es Factible o Demagogia....\n\n#EbiCamacho";2021-01-17T03:16:29.000Z
#andresarauz;2021-04-10T12:10:42.382278;jorgevelezvelez;"Entrada de la 8 / Guayaquil EC";"Photo by Jorge VeÃÅlez VeÃÅlez in Entrada de la 8 / Guayaquil EC. May be an image of 2 people, indoor and text that says '1 CENTI Arauz Arauz ·Äû Yo estoy con CENTRO'.";https://scontent-iad3-1.cdninstagram.com/v/t51.2885-15/e35/146918421_166669625226549_8865914794951782606_n.jpg?tp=1&_nc_ht=scontent-iad3-1.cdninstagram.com&_nc_cat=109&_nc_ohc=Qt4Hs7QmpWcAX_7QQXT&edm=AP_V10EAAAAA&ccb=7-4&oh=444d2faa742b21ac78e4b62df61c98ba&oe=60958FB8&_nc_sid=4f375e;jpg;;No verificado;"4.441";"6.349";"1.474";"Feliz CumpleanÃÉos #MipanaAndreÃÅs üéÇüéÅüéâüéäüéà\n@ecuarauz @cendemocratico\n#AndresArauz #Presidente #HappyBirthday";2021-02-06T15:15:01.000Z
#andresarauz;2021-04-10T12:11:08.110749;vanessafreirevergara;"";"Photo by Vanessa Freire Vergara on September 28, 2020. May be an image of 6 people, people sitting and people standing.";https://scontent-iad3-1.cdninstagram.com/v/t51.2885-15/e35/120203872_414924502808713_7938696261607036670_n.jpg?tp=1&_nc_ht=scontent-iad3-1.cdninstagram.com&_nc_cat=101&_nc_ohc=LJPC6kBwFnIAX-jtQdT&edm=AP_V10EAAAAA&ccb=7-4&oh=9f8eb1e41d11d80ccc7842479a859ea9&oe=6096A6D3&_nc_sid=4f375e;jpg;;No verificado;"578";"3.130";"1.416";"#andresarauz la juventud, la nueva generaci√≥n pol√≠tica. #LosRios #mujerespoliticas";2020-09-28T17:34:27.000Z
#andresarauz;2021-04-10T12:11:33.703213;andresarauzpresidente;"";"Photo by Andr√©s Arauz presidente on August 24, 2020. May be an image of 2 people and text that says 'Asil Mas ECUADOR DECIDE Nombre: Andr√©s David Ar√°uz Galarza Partido: Centro Democr√°tico (Uni√≥n por la Esperanza) Edad: 35 a√±os Binomio: Rafael Correa Visi√≥n economica-politica: izquierda socialista 1 CENTRO DEMOCRATICO'.";https://scontent-iad3-1.cdninstagram.com/v/t51.2885-15/e35/118182885_950096668826828_755861520504861617_n.jpg?tp=1&_nc_ht=scontent-iad3-1.cdninstagram.com&_nc_cat=108&_nc_ohc=y4lOL9PcpO4AX9fz-qY&edm=AP_V10EAAAAA&ccb=7-4&oh=7b19b29cf971f2ce0fd1b82658df721f&oe=6098143B&_nc_sid=4f375e;jpg;;No verificado;"456";"18,3k";"7.546";"Una sola vuelta #andresarauz #rafaelcorreadelgado #revolucion #vamosalvolver";2020-08-25T01:44:13.000Z
#andresarauz;2021-04-10T12:11:59.484688;integracion_ciudadana;"Guayaquil, Ecuador";"Rafael correa delgado";https://scontent-iad3-1.cdninstagram.com/v/t51.2885-15/e35/131295555_134997251567322_5010088750743159912_n.jpg?tp=1&_nc_ht=scontent-iad3-1.cdninstagram.com&_nc_cat=106&_nc_ohc=24fevWCuEL4AX-CyX6y&edm=AP_V10EAAAAA&ccb=7-4&oh=e8e8d4ac1ca48fdad26f39bdc837c13d&oe=609852AF&_nc_sid=4f375e;jpg;;No verificado;"239";"13,4k";"3.008";"#RAFAELCORREA VAMOS A RESISTIR COMP√ÅS PARTICIPAREMOS Y VENCEREMOS üá®üá¥\n\n#RAFAELCORREA #jorgeglas #revolucionciudadana #mashirafaelcorrea #ECUADOR #correa #RafaelCorrea #RafaelCorreaDelgado #manta #QUITO #GUAYAQUIL #manabi #loja #daule #RAFAELCORREA #REVOLUCIONCIUDADANA #mashirafaelcorrea #RafaelCorreaDelgado #RafaelCorrea #RAFAELCORREA #correa #revolucionciudadana #rafelcorrea #ecuador #rafelcorrea #ANDRESARAUZ #CarlosRabascall #JorgeGlas #ecuador #RAFAELCORREA #REVOLUCIONCIUDADANA #mashirafaelcorrea #RafaelCorreaDelgado #RafaelCorrea #manta #quito #GUAYAQUIL #manabi #loja #daule #mashirafaelcorrea #ECUADOR #correa #RafaelCorrea #RafaelCorreaDelgado #manta #RAFAELCORREA #ANDRESARAUZ #ARAUZ #RABASCALL #Glas #RAFAELCORREA #correa";2020-12-14T20:47:18.000Z
#andresarauz;2021-04-10T12:12:25.251162;integracion_ciudadana;"Guayaquil, Ecuador";"Rafael correa delgado";https://scontent-iad3-1.cdninstagram.com/v/t51.2885-15/e35/146007397_715276815802987_6595185732724577292_n.jpg?tp=1&_nc_ht=scontent-iad3-1.cdninstagram.com&_nc_cat=107&_nc_ohc=1ziWu2BoSksAX9pTLCu&edm=AP_V10EAAAAA&ccb=7-4&oh=d656f470a39733a2481729b1a075f43e&oe=60964308&_nc_sid=4f375e;jpg;;No verificado;"239";"13,4k";"3.008";"#RafaelCorrea Para Presidente , Asamble√≠stas Nacionales y parlamentarios Andino todo 1 üá™üá®\n\n#RafaelCorrea #RafaelCorrea #RAFAELCORREA #jorgeglas #revolucionciudadana #mashirafaelcorrea #ECUADOR #correa #RafaelCorrea #RafaelCorreaDelgado #manta #QUITO #GUAYAQUIL #manabi #loja #daule #RAFAELCORREA #REVOLUCIONCIUDADANA #mashirafaelcorrea #RafaelCorreaDelgado #RafaelCorrea #RAFAELCORREA #correa #revolucionciudadana #rafelcorrea #ecuador #rafelcorrea #ANDRESARAUZ #CarlosRabascall #JorgeGlas #ecuador #RAFAELCORREA #REVOLUCIONCIUDADANA #mashirafaelcorrea #RafaelCorreaDelgado #RafaelCorrea #manta #quito #GUAYAQUIL #manabi #loja #daule #mashirafaelcorrea #ECUADOR #correa #RafaelCorrea #RafaelCorreaDelgado #manta #RAFAELCORREA #ANDRESARAUZ #ARAUZ #RABASCALL #Glas #RAFAELCORREA #correa #RafaelCorrea #RafaelCorreaDelgado #correa #ANDRESARAUZ #CarlosRabascall #correa #RafaelCorrea #ANDRESARAUZ #ARAUZ##\n#RABASCALL #CarlosRabascall #ecuador #quito #GUAYAQUIL #manabi #RAFAELCORREA #REVOLUCIONCIUDADANA #mashirafaelcorrea #RafaelCorreaDelgado #RafaelCorrea #ANDRESARAUZ #ARAUZ #RABASCALL #CarlosRabascall #ecuador #rafelcorrea #ANDRESARAUZ #CarlosRabascall #JorgeGlas #ecuador #RAFAELCORREA #REVOLUCIONCIUDADANA #mashirafaelcorrea";2021-02-06T18:18:03.000Z
#andresarauz;2021-04-10T12:12:51.113641;integracion_ciudadana;"Ecuador";"Andres Arauz Rafael correa delgado";https://scontent-iad3-1.cdninstagram.com/v/t51.2885-15/e35/139954224_1359016157772496_7214526390318448630_n.jpg?tp=1&_nc_ht=scontent-iad3-1.cdninstagram.com&_nc_cat=104&_nc_ohc=LPyO-5yB5J0AX-SGb-d&edm=AP_V10EAAAAA&ccb=7-4&oh=a1b74fa3fe9d155f43b3347a9c4ae1a9&oe=6097FB14&_nc_sid=4f375e;jpg;;No verificado;"239";"13,4k";"3.008";"#RafaelCorreaDelgado Vamos a recuperar la dignidad y esperanza del Ecuador. Con m√°s convicci√≥n que nunca...TODO TODITO 1 ‚òùüèªüü†\n\n#RafaelCorrea #RafaelCorrea #RAFAELCORREA #jorgeglas #revolucionciudadana #mashirafaelcorrea #ECUADOR #correa #RafaelCorrea #RafaelCorreaDelgado #manta #QUITO #GUAYAQUIL #manabi #loja #daule #RAFAELCORREA #REVOLUCIONCIUDADANA #mashirafaelcorrea #RafaelCorreaDelgado #RafaelCorrea #RAFAELCORREA #correa #revolucionciudadana #rafelcorrea #ecuador #rafelcorrea #ANDRESARAUZ #CarlosRabascall #JorgeGlas #ecuador #RAFAELCORREA #REVOLUCIONCIUDADANA #mashirafaelcorrea #RafaelCorreaDelgado #RafaelCorrea #manta #quito #GUAYAQUIL #manabi #loja #daule #mashirafaelcorrea #ECUADOR #correa #RafaelCorrea #RafaelCorreaDelgado #manta #RAFAELCORREA #ANDRESARAUZ #ARAUZ #RABASCALL #Glas #RAFAELCORREA #correa #RafaelCorrea #RafaelCorreaDelgado #correa #ANDRESARAUZ #CarlosRabascall #correa #RafaelCorrea #ANDRESARAUZ #ARAUZ##\n#RABASCALL #CarlosRabascall #ecuador #quito #GUAYAQUIL #manabi #RAFAELCORREA #REVOLUCIONCIUDADANA #mashirafaelcorrea #RafaelCorreaDelgado #RafaelCorrea #ANDRESARAUZ #ARAUZ #RABASCALL #CarlosRabascall #ecuador #rafelcorrea #ANDRESARAUZ #CarlosRabascall";2021-01-19T03:43:08.000Z
#andresarauz;2021-04-10T12:13:16.941118;integracion_ciudadana;"Santa Elena Peninsula";"Andres Arauz Rafael correa delgado";https://scontent-iad3-1.cdninstagram.com/v/t51.2885-15/e35/145887668_108241514512473_5958960195067808720_n.jpg?tp=1&_nc_ht=scontent-iad3-1.cdninstagram.com&_nc_cat=109&_nc_ohc=pIbzzbiEpp4AX9DAS8E&edm=AP_V10EAAAAA&ccb=7-4&oh=7dc239654a687248780463c5749cf32b&oe=6096EDE6&_nc_sid=4f375e;jpg;;No verificado;"239";"13,4k";"3.008";"#RafaelCorrea Vamos a Ganar en la Provincia de Santa Elena #AndresArauzPresidente. üá™üá®\n\n#RafaelCorrea #RafaelCorrea #RAFAELCORREA #jorgeglas #revolucionciudadana #mashirafaelcorrea #ECUADOR #correa #RafaelCorrea #RafaelCorreaDelgado #manta #QUITO #GUAYAQUIL #manabi #loja #daule #RAFAELCORREA #REVOLUCIONCIUDADANA #mashirafaelcorrea #RafaelCorreaDelgado #RafaelCorrea #RAFAELCORREA #correa #revolucionciudadana #rafelcorrea #ecuador #rafelcorrea #ANDRESARAUZ #CarlosRabascall #JorgeGlas #ecuador #RAFAELCORREA #REVOLUCIONCIUDADANA #mashirafaelcorrea #RafaelCorreaDelgado #RafaelCorrea #manta #quito #GUAYAQUIL #manabi #loja #daule #mashirafaelcorrea #ECUADOR #correa #RafaelCorrea #RafaelCorreaDelgado #manta #RAFAELCORREA #ANDRESARAUZ #ARAUZ #RABASCALL #Glas #RAFAELCORREA #correa #RafaelCorrea #RafaelCorreaDelgado #correa #ANDRESARAUZ #CarlosRabascall #correa #RafaelCorrea #ANDRESARAUZ #ARAUZ##\n#RABASCALL #CarlosRabascall #ecuador #quito #GUAYAQUIL #manabi #RAFAELCORREA #REVOLUCIONCIUDADANA #mashirafaelcorrea #RafaelCorreaDelgado #RafaelCorrea #ANDRESARAUZ #ARAUZ #RABASCALL #CarlosRabascall #ecuador #rafelcorrea #ANDRESARAUZ #CarlosRabascall #JorgeGlas #ecuador #RAFAELCORREA #REVOLUCIONCIUDADANA #mashirafaelcorrea";2021-02-05T21:57:15.000Z
#andresarauz;2021-04-10T12:13:42.486579;ebicamacho;"";"Photo by Ebi Camacho on September 04, 2020. May be an image of 1 person and text that says 'Ecuadorinmediato @ecuainm_o... 16min #AHORA Presidenta del @cnegobec, Diana Atamaint informa que no se considero el tr√°mite de aceptaci√≥n de candidatura vicepresidencial de Rafael Correa, por lo que constan solo 15 binomios presidenciales. Se√±al√≥ que la siguiente etapa ser√≠a la calificaci√≥n e inscripci√≥n.'.";https://scontent-iad3-1.cdninstagram.com/v/t51.2885-15/e35/118764269_133126701832621_3945783425810691582_n.jpg?tp=1&_nc_ht=scontent-iad3-1.cdninstagram.com&_nc_cat=101&_nc_ohc=qO70jpT2Dt0AX_DXgU4&edm=AP_V10EAAAAA&ccb=7-4&oh=2c1c7baafcc4e270a42d06f0238b72df&oe=6095D410&_nc_sid=4f375e;jpg;;No verificado;"5.563";"35k";"672";"#RafaelCorrea\n\nTu vanidad & el boicot que existe dentro de los mis #RC les estan dejando fuera de #Elecciones2021 al mismo #AndresArauz.\nNo aprendieron nada!\n\n#EbiCamacho";2020-09-04T19:26:01.000Z
#andresarauz;2021-04-10T12:14:08.011039;andresarauzpresidente;"";"Photo by Andr√©s Arauz presidente on September 06, 2020. May be an image of 1 person and text that says 'VAMOS A GANAR LAS ELECCIONES PRESIDENCIALES DEL 2021, POR UNA RAZ√ìN MUY SENCILLA| ESTAMOS UNIDOS Y ORGANIZADOS, VAMOS A VOTAR EN RAYA LISTA 1!!! VAMOS RAFAEL!! ¬°UNA SOLA VUELTA!'.";https://scontent-iad3-1.cdninstagram.com/v/t51.2885-15/e35/118862257_248062409734727_146794832692918399_n.jpg?tp=1&_nc_ht=scontent-iad3-1.cdninstagram.com&_nc_cat=111&_nc_ohc=OCfHea-cS7AAX9dWP7c&edm=AP_V10EAAAAA&ccb=7-4&oh=5d9ebf2c4d02b1a769de767cad0bb892&oe=6095EA82&_nc_sid=4f375e;jpg;;No verificado;"456";"18,3k";"7.546";"#andresarauz #rafaelcorrea";2020-09-07T03:32:16.000Z
#andresnomientasotravez;2021-04-10T12:23:00.563499;conexionecuador;"";"";https://scontent-iad3-1.cdninstagram.com/v/t51.2885-15/e35/162774826_102840138521627_5326519977848017694_n.jpg?tp=1&_nc_ht=scontent-iad3-1.cdninstagram.com&_nc_cat=111&_nc_ohc=nXPzeDe2f0EAX_TxhU5&edm=AP_V10EAAAAA&ccb=7-4&oh=d54650d2ac2ce5bc151b760305aa8cdd&oe=6074046D&_nc_sid=4f375e;video/mp4;blob:https://www.instagram.com/8a8c9d35-f820-430b-9988-243e3c1665ae;No verificado;"1.299";"75,7k";"27";"#GuillermoLasso COMPAR√ì a #Andr√©sArauz con #HugoCh√°vez yNicol√°sMaduro, principales precursores de la dictadura en #Venezuela, por basarse en una CONSTITUCI√ìN creadas por ellos mismos, a su forma y modelo SOCIALISTA.\n\n¬øQu√© Opinas?\n.\n.\n.\n.\n.\n.\n.\n\n#andresnomientasotravez #Ecuador #elecciones2021ec #eleccionesecuador2021 #eleccionesecuador #guayaquil #quito #cuenca #ecuador #noticiasecuador";2021-03-22T17:20:24.000Z
#andresnomientasotravez;2021-04-10T12:23:26.895005;fernandovillavicencioec;"";"";https://scontent-iad3-1.cdninstagram.com/v/t51.2885-15/e35/163737064_219590866175316_6232181748011217148_n.jpg?tp=1&_nc_ht=scontent-iad3-1.cdninstagram.com&_nc_cat=100&_nc_ohc=o0jpnVOofRgAX-kuzKT&edm=AP_V10EAAAAA&ccb=7-4&oh=e2bedcf67b4491567f942a7058ae6a79&oe=60743EC3&_nc_sid=4f375e;video/mp4;https://scontent-iad3-1.cdninstagram.com/v/t50.2886-16/10000000_531802394452343_5769030247984001039_n.mp4?_nc_ht=scontent-iad3-1.cdninstagram.com&_nc_cat=111&_nc_ohc=W3rXQZVSD8oAX89dsrH&edm=AP_V10EAAAAA&ccb=7-4&oe=60745AE7&oh=70848d827151b46b682b755bb857d2d0&_nc_sid=4f375e;No verificado;"192";"2.613";"43";"Se proclaman ambientalistas y defensores de los pueblos\n\nSe proclaman ambientalistas y defensores de los pueblos ancestrales, pero destruyen el Yasun√≠ y atentan con los pueblos no contactados. Ahora vienen a impresionar con el protocolo de Nagoya. #AndresNoMientasOtraVez";2021-03-23T20:15:18.000Z
#andresnomientasotravez;2021-04-10T12:23:52.931495;santita111;"";"";https://scontent-iad3-1.cdninstagram.com/v/t51.2885-15/e35/167457722_1120680378449588_4025576783900440132_n.jpg?tp=1&_nc_ht=scontent-iad3-1.cdninstagram.com&_nc_cat=108&_nc_ohc=SfUSu4mWhUUAX_0aAbL&edm=AP_V10EAAAAA&ccb=7-4&oh=8f381474a9845097d970b575ae300e49&oe=60746BB3&_nc_sid=4f375e;video/mp4;blob:https://www.instagram.com/64390d8c-6af9-4e34-83ef-97b986e91ad4;No verificado;"235";"235";"166";"*#AndresNoMientasOtraVez* LA SERIE Cap√≠tulo 3\n\nAy√∫danos a difundir este cap√≠tulo en todas tus redes sociales con el *#AndresMienteLaSerie y #AndresNoMientasOtraVez* LASSO PRESIDENTE!!!";2021-04-01T17:23:05.000Z
#andresnomientasotravez;2021-04-10T12:24:18.654966;fortalezaecu;"Guayaquil, Ecuador";"";https://scontent-iad3-1.cdninstagram.com/v/t51.2885-15/e35/170037638_471050103946386_8127791059207319170_n.jpg?tp=1&_nc_ht=scontent-iad3-1.cdninstagram.com&_nc_cat=106&_nc_ohc=FmZj1_mv24oAX8TQUlD&edm=AP_V10EAAAAA&ccb=7-4&oh=d2febe7b45a8b5eedb06e7084c36a131&oe=60740C67&_nc_sid=4f375e;video/mp4;blob:https://www.instagram.com/a841f38f-cd98-4163-a0b7-811f8c454d8f;No verificado;"99";"231";"51";"Este domingo haremos historia, unidos como hermanos votaremos por la capacidad para cambiar , por las oportunidades, el emprendimiento y por todo aquello que construiremos juntos.\n¬°Lo vamos a lograr!\n\n@guillermolasso\n@alfredoborrerov\n@creoecuador\n@pedroneguiguren\n@guido_chiriboga\n@panchojimenezs\n@ariannaburgosca\n@lizalejandrav\n@karoluribevelez\n@cesarmongeo\n@guillermodelpinorub\n@jotapons\n@rickyhernandz\n@museconlasso\n\n#FortalezaEcuador\n#La21enel21 #Guayas #Guayaquil #Gye #Uio #Quito #Pichincha #Samborondon #Creo #GuillermoLasso #LassoPresidente2021 #andresnomientasotravez\n#JuntosLoEstamosLogrando\n#Encontr√©monosParaLograrlo";2021-04-09T19:21:27.000Z
#andresnomientasotravez;2021-04-10T12:24:44.241429;cellworldec;"Ecuador";"Photo by CELL WORLD EC üåé in Ecuador with @guillermolasso, @ecuarauz, @yakuperezg, and @xhervas.ec. May be an image of 1 person, phone and text.";https://scontent-iad3-1.cdninstagram.com/v/t51.2885-15/e35/162896473_811312589596018_3071661782776227697_n.jpg?tp=1&_nc_ht=scontent-iad3-1.cdninstagram.com&_nc_cat=110&_nc_ohc=7MYKIOzV5xwAX9WtF_v&edm=AP_V10EAAAAA&ccb=7-4&oh=4eb6876e56b8944b13a53f0f8993b147&oe=609661C2&_nc_sid=4f375e;jpg;;No verificado;"125";"3.110";"1.593";"Buenas noches....y ya sabes Andr√©s!\n\nEste forro se merece un descuento ü§£\n\n#andresnomientasotravez #guillermolasso #cellworldec #guayaquil #ecuador";2021-03-23T02:37:43.000Z
#andresnomientasotravez;2021-04-10T12:25:10.053906;elsuerode_laverdad;"";"";https://scontent-iad3-1.cdninstagram.com/v/t51.2885-15/e35/169497968_201367138124518_8861542865222134758_n.jpg?tp=1&_nc_ht=scontent-iad3-1.cdninstagram.com&_nc_cat=110&_nc_ohc=3TbL9U9iDwcAX9kro1P&edm=AP_V10EAAAAA&ccb=7-4&oh=e15265e0fe77a0e11db0ce9632d181cb&oe=6073DEBC&_nc_sid=4f375e;video/mp4;https://scontent-iad3-1.cdninstagram.com/v/t50.2886-16/10000000_464895191493174_5925279096684716130_n.mp4?_nc_ht=scontent-iad3-1.cdninstagram.com&_nc_cat=106&_nc_ohc=_NGYB9KCC7oAX_v2OM6&edm=AP_V10EAAAAA&ccb=7-4&oe=60742728&oh=5f415e61fdcfd2a5811a017aa8ecb943&_nc_sid=4f375e;No verificado;"135";"1.387";"5";"los juicios escondidos de Andr√©s Arauz\n\n#AndresArauz nada es secreto para #ElSueroDeLaVerdad hablas de √©tica y tienes pendientes con la justicia y si no me creen miren el video y entren a esta p√°gina http://consultas.funcionjudicial.gob.ec/informacionjudicial/public/informacion.jsf #AndresNoMientasOtraVez";2021-04-08T17:54:44.000Z
#andresnomientasotravez;2021-04-10T12:25:35.614368;ranking_ecuador;"";"Photo shared by Ranking Ecuador üá™üá® on March 21, 2021 tagging @guillermolasso. May be an image of 1 person and text that says '""No Andr√©s, no mientas otra vez"" Guillermo Lasso 2021'.";https://scontent-iad3-1.cdninstagram.com/v/t51.2885-15/e35/162433639_266495828436448_1084503698858961669_n.jpg?tp=1&_nc_ht=scontent-iad3-1.cdninstagram.com&_nc_cat=104&_nc_ohc=X5Gy8GzB-3UAX8wQF4j&edm=AP_V10EAAAAA&ccb=7-4&oh=94225ba48f5164ac8c18c7a92e01a63b&oe=6098A871&_nc_sid=4f375e;jpg;;No verificado;"1.112";"16,7k";"1.177";"BUENAS NOCHES GENTE ‚úçüá™üá®\n\nEste 11 de Abril, est√°n en tus manos por un VERDADERO CAMBIO o seguir en el socialismo. #andresnomientasotravez\n\n#LassoPresidente2021 üíôüíôüá™üá®üá™üá®";2021-03-22T03:09:00.000Z
#andresnomientasotravez;2021-04-10T12:26:01.172830;pator80;"";"Photo by Pato Rivadeneira on March 30, 2021. May be an image of 1 person and text that says 'ANDR√âS NO MIENTAS OTRA VEZ'.";https://scontent-iad3-1.cdninstagram.com/v/t51.2885-15/e35/166171697_1547394542318000_1194279847559497840_n.jpg?tp=1&_nc_ht=scontent-iad3-1.cdninstagram.com&_nc_cat=108&_nc_ohc=jlok4yPbhcwAX81WrLN&edm=AP_V10EAAAAA&ccb=7-4&oh=c706cd699852ebe3f747d7937292d697&oe=6097E887&_nc_sid=4f375e;jpg;;No verificado;"786";"719";"880";"#AndresNoMientasOtraVez (Marzo 2021)";2021-03-31T05:44:12.000Z
#andresnomientasotravez;2021-04-10T12:26:26.773294;con_farandulaec;"";"";https://scontent-iad3-1.cdninstagram.com/v/t51.2885-15/e35/167927549_245383353960436_394292483683242353_n.jpg?tp=1&_nc_ht=scontent-iad3-1.cdninstagram.com&_nc_cat=104&_nc_ohc=rnwKMiVmkcAAX8CkemA&edm=AP_V10EAAAAA&ccb=7-4&oh=556c8f6f075d3d5d3e4d592b421d9922&oe=6074686E&_nc_sid=4f375e;video/mp4;https://scontent-iad3-1.cdninstagram.com/v/t50.2886-16/167511646_268286814927949_7002393259360299451_n.mp4?_nc_ht=scontent-iad3-1.cdninstagram.com&_nc_cat=101&_nc_ohc=y3MwhMNB8qYAX9Vdgs2&edm=AP_V10EAAAAA&ccb=7-4&oe=60742D32&oh=ed4aee3a5fab57e53920cee609ee1498&_nc_sid=4f375e;No verificado;"2.471";"42,2k";"1.523";"El supuesto jefe de los ind√≠genas apoya Arauz\n\nUltimas noticias hoy s√°bado 3 de marzo 2021 se desat√≥ varias propuestas para apoyar la campa√±a de Arauz.\n\nLe dicen el criminal Vargas sobre la tumba del Pueblo Saraguro y de Bosco Wisuma apoya a #AndresNoMientasOtraVez demostrando odio a la CONAIE y su inter√©s en el dinero üí©\n\n.\n.\n.\nEl pa√≠s elige ....\n\nContinuar√°";2021-04-03T21:04:24.000Z
#andresnomientasotravez;2021-04-10T12:26:52.474764;aguantamijin;"";"";https://scontent-iad3-1.cdninstagram.com/v/t51.2885-15/e35/165222054_353301769354825_8482902285242510582_n.jpg?tp=1&_nc_ht=scontent-iad3-1.cdninstagram.com&_nc_cat=101&_nc_ohc=GrcIWKQ6xooAX-j02_J&edm=AP_V10EAAAAA&ccb=7-4&oh=e7d48bac188f68f1997e48636d4c8698&oe=607481FD&_nc_sid=4f375e;video/mp4;blob:https://www.instagram.com/ce18bc16-437b-4e24-baec-ad8936b77da7;No verificado;"1.005";"10,4k";"919";"La verdad siempre saldr√° a la Luz üëÇ\n\n#andresnomientasotravez #morenoesarauz #noalcorreismo";2021-03-26T19:56:42.000Z
#andresnomientasotravez;2021-04-10T12:27:18.079228;decoraciones.danlum;"Guayaquil, Ecuador";"Photo shared by Decoraci√≥n Alum. Vidrio Danlum on April 08, 2021 tagging @encontactoecuavisa, @miguel.moreirahe, and @dayannamonroyt. May be an image of table and living room.";https://scontent-iad3-1.cdninstagram.com/v/t51.2885-15/e35/170070371_1514291415444982_7431911985803219184_n.jpg?tp=1&_nc_ht=scontent-iad3-1.cdninstagram.com&_nc_cat=110&_nc_ohc=QqC_ObSvKbIAX9Wljyu&edm=AP_V10EAAAAA&ccb=7-4&oh=7aa5bf02e3ca397284354ee96a8971fd&oe=6098B439&_nc_sid=4f375e;jpg;;No verificado;"117";"201";"114";"Sorprende a mam√° ü•∞ü•∞ü•∞ con algo diferente\nQueremos formar parte de tus proyectos!!!!!!\nDecoramos tus espacios con hermosos dise√±os en mesas üòçüòçüòçüòç\nCotiza con nosotros ya üèÉ\nüì≤ 0998737374 o 0992655748\nElegancia en tu hogar u oficina\n#trabajamosanivelnacional #trabajamosparati #decoracion #decoracionenvidrio #puertasdevidrio #espejos #espejosdecorativos #decoracionba√±os #vidrio #vidriotemplado #vidriosydise√±osdecorativos #vidriostemplados #samborond√≥n #samborondon #guayaquil #guayaquilcity #quito #guayas #andresnomientasotravez #empresasecuador #empresa #empresas #mesadecentro #mesasdecentro #mesalinda #mesa #mesadevidro #mesadevidrio #mesadevidrotemperado #encontacto";2021-04-09T00:57:44.000Z
#andresnomientasotravez;2021-04-10T12:27:43.785699;veronica_cando_b;"Ecuador";"";https://scontent-iad3-1.cdninstagram.com/v/t51.2885-15/e35/168062149_280150486949156_5455130099307830702_n.jpg?tp=1&_nc_ht=scontent-iad3-1.cdninstagram.com&_nc_cat=108&_nc_ohc=KXOckhN9hh8AX8Wl8dI&edm=AP_V10EAAAAA&ccb=7-4&oh=bfd8ae9908344563105e1a01f8fc8f88&oe=60740655&_nc_sid=4f375e;video/mp4;blob:https://www.instagram.com/c715adc9-afc4-4d78-82a9-cd98f5ee3d30;No verificado;"153";"1.471";"1.073";"Una parte de mi mensaje final en la entrevista que tuve con la incre√≠ble @radiobonita893riobamba\n\nUna radio que yo escuchaba en mis tiempos como estudiante en Bol√≠var üåü\n\n#lassopresidente2021 #encontremonos #andresnomientasotravez";2021-04-05T02:38:14.000Z
#andresnomientasotravez;2021-04-10T12:28:09.557173;farandulerostvec;"Ecuador";"";https://scontent-iad3-1.cdninstagram.com/v/t51.2885-15/e35/163010398_5398534916853529_1882434594215137742_n.jpg?tp=1&_nc_ht=scontent-iad3-1.cdninstagram.com&_nc_cat=101&_nc_ohc=fU42csfkDAIAX8iWMAW&edm=AP_V10EAAAAA&ccb=7-4&oh=bc9ac42a4c9a6e3eafcafbc38f49db67&oe=6074546C&_nc_sid=4f375e;video/mp4;blob:https://www.instagram.com/4b8377a9-9181-4ac7-9a63-f9143b753570;No verificado;"2.706";"102k";"129";"#GuillermoLasso COMPARO a #Andr√©sArauz y a sus id√≥latras #HugoCh√°vez y #Nicol√°sMaduro, principales precursores de la dictadura en #Venezuela, por basarse en una CONSTITUCI√ìN creadas por ellos mismos, a su forma y modelo SOCIALISTA.\n¬øQu√© Opinas?.\n\n..\n.\n.\n.\n.\n.\n\n#andresnomientasotravez #eleccionesecuador2021 #eleccionesecuador #Ecuador #guayaquil #quito #cuenca #manabi #noticiasecuador";2021-03-22T17:08:32.000Z
#andresnomientasotravez;2021-04-10T12:28:35.352648;poderciudadanoecu;"";"";https://scontent-iad3-1.cdninstagram.com/v/t51.2885-15/e15/163212492_3690666030982836_4874675649204391344_n.jpg?tp=1&_nc_ht=scontent-iad3-1.cdninstagram.com&_nc_cat=100&_nc_ohc=0rAwnLbVXhUAX9Mu8Y6&edm=AP_V10EAAAAA&ccb=7-4&oh=e55f303d35afa23740ed520a458543fd&oe=6073E56F&_nc_sid=4f375e;video/mp4;https://scontent-iad3-1.cdninstagram.com/v/t50.2886-16/161824526_466614577717395_2135469587872017154_n.mp4?_nc_ht=scontent-iad3-1.cdninstagram.com&_nc_cat=103&_nc_ohc=S7AJbOrmo-4AX-OFrzW&edm=AP_V10EAAAAA&ccb=7-4&oe=6074718C&oh=906b1c95a3e5bab1f22020bdc41a16b8&_nc_sid=4f375e;No verificado;"589";"1.051";"35";"#AndresNoMientasOtraVez";2021-03-22T03:14:02.000Z
#andresnomientasotravez;2021-04-10T12:29:00.973114;aguantamijin;"";"";https://scontent-iad3-1.cdninstagram.com/v/t51.2885-15/e35/164527539_272449181079437_1635518539510949566_n.jpg?tp=1&_nc_ht=scontent-iad3-1.cdninstagram.com&_nc_cat=105&_nc_ohc=Y7zuqHOjYmcAX-CNPtk&edm=AP_V10EAAAAA&ccb=7-4&oh=8dd7a0b3c743e43b45f5c0450c3e2630&oe=607477E7&_nc_sid=4f375e;video/mp4;blob:https://www.instagram.com/d357d8f7-afcf-4bf1-a2fa-045d15ece67a;No verificado;"1.005";"10,4k";"919";"El que dice que ama al pa√≠s ü§°\n\n#arauzesmoreno\n#andresnomientasotravez";2021-03-26T12:03:23.000Z
#andresnomientasotravez;2021-04-10T12:29:26.492573;mamaurbanaec;"";"Photo by Carolina Endara | Mama Urbana on March 22, 2021. May be an image of 2 people and indoor.";https://scontent-iad3-1.cdninstagram.com/v/t51.2885-15/e35/p1080x1080/163235624_130860788972252_2494119180782023005_n.jpg?tp=1&_nc_ht=scontent-iad3-1.cdninstagram.com&_nc_cat=108&_nc_ohc=h5gnZJcEVKEAX_blh2n&edm=AP_V10EAAAAA&ccb=7-4&oh=da5a0611b394c0dad1b2dc8c572fc171&oe=6096BD23&_nc_sid=4f375e;jpg;;No verificado;"85";"4.720";"845";"Y hablando del debate presidencial de anoche, lo que m√°s me qued√≥ sonando fue la frase del candidato Lasso ""por eso los ecuatorianos debemos tener claro que el trabajo honesto te lleva al √©xito..."".\n.\nAyer por primera vez tuve la oportunidad de escuchar a mi padre contarme la historia de como comenz√≥ en su negocio de desaduanizaci√≥n de importaciones. Cuando √©l inici√≥ alla por al a√±o 1974, esta √°rea era una √°rea totalmente gris.\n.\nLe toc√≥ poco m√°s transcribir los reglamentos y las normas arancelarias para poder vender a las empresas. Sin haber seguido ning√∫n curso tambi√©n se arriesg√≥ a tomar la prueba para obtener as√≠ su licencia.\n.\nLa verdad como hija me lleno de orgullo ver todo lo que mi padre hiz√≥ para lograr criar a su familia de ocho hijos y le estoy agradecida por darme el ejemplo del esfuerzo y la disciplina.\n.\nYo tambi√©n empec√© a trabajar a los 19 y me pagu√© mis estudios y √©sto me llena de satisfacci√≥n.\n.\nPuedo identificarme con un hombre trabajador y luchador como Guillermo Lasso y por eso creo que es la persona ideal para liderar a nuestro pa√≠s donde ya no es tan claro s√≠ es mejor trabajar o robar, no s√© sabe qui√©n es el vivo y qui√©n es el tonto, es hora de rescatar los valores como el trabajo y la honestidad.\n.\n\n#workingmom #9to5 #yougottohustle #timeismoney #lassolucion #andresnomientasotravez #ecuador #elecciones2021ec";2021-03-22T15:04:31.000Z
#andresnomientasotravez;2021-04-10T12:29:52.075036;lamora.artademencia;"";"Photo by La Mora üçá on March 29, 2021. May be an illustration.";https://scontent-iad3-1.cdninstagram.com/v/t51.2885-15/e35/165819991_121743606596996_3908909998669997334_n.jpg?tp=1&_nc_ht=scontent-iad3-1.cdninstagram.com&_nc_cat=108&_nc_ohc=jZimlAnPy8YAX-BJSCX&edm=AP_V10EAAAAA&ccb=7-4&oh=21222657c0aeb8fc6173953e62b43dac&oe=6097D786&_nc_sid=4f375e;jpg;;No verificado;"81";"185";"55";"Mi cuenca ‚õ™\nUn peque√±o boceto en canson üé®\n.\n.\n.\n.\n.\n#dibujo #paint #rapidrografo #dibujorapido #colores #acuarela #ecuador #cuencacity #cuenca #art #artistasecuatorianos #artistvsart2020 #2020 #cuencaecuador #catedral #iglesia #parque #turismo #artista #cuencaespa√±a #morado #andresgarcia #andresnomientasotravez #arauz";2021-03-29T19:01:09.000Z
#andresnomientasotravez;2021-04-10T12:30:17.700502;memes_politicos_ecuador;"Ecuador";"";https://scontent-iad3-1.cdninstagram.com/v/t51.2885-15/e35/164090326_122091109891332_845126519547788565_n.jpg?tp=1&_nc_ht=scontent-iad3-1.cdninstagram.com&_nc_cat=100&_nc_ohc=34Df9V5NzaQAX_I2xSS&edm=AP_V10EAAAAA&ccb=7-4&oh=470c794c11e21775b000008423dacff8&oe=607431D3&_nc_sid=4f375e;video/mp4;blob:https://www.instagram.com/f3bbafda-3cb5-4faa-924d-c0b028bee20c;No verificado;"373";"1.540";"760";"#andr√©snomientasotravez #andresnomientasotravez";2021-03-25T14:38:23.000Z
#andresnomientasotravez;2021-04-10T12:30:43.318967;aguantamijin;"";"";https://scontent-iad3-1.cdninstagram.com/v/t51.2885-15/e35/162564607_271616671187724_128338361873727451_n.jpg?tp=1&_nc_ht=scontent-iad3-1.cdninstagram.com&_nc_cat=100&_nc_ohc=HO_LsTh5czAAX8LjPaJ&edm=AP_V10EAAAAA&ccb=7-4&oh=9cd19d265bffc463e40bdec6b60d0201&oe=60741CC9&_nc_sid=4f375e;video/mp4;blob:https://www.instagram.com/6d190a01-c831-4e07-a243-ea5759049faf;No verificado;"1.005";"10,4k";"919";"No dijo nada, Nadaaaaa\n\n#andresnomientasotravez";2021-03-22T03:59:10.000Z
#andresnomientasotravez;2021-04-10T12:31:09.162446;espiritucolectivo;"";"";https://scontent-iad3-1.cdninstagram.com/v/t51.2885-15/e35/169537240_289206526127901_6436995914446055894_n.jpg?tp=1&_nc_ht=scontent-iad3-1.cdninstagram.com&_nc_cat=109&_nc_ohc=bjbrT_jqr80AX-GT2QT&edm=AP_V10EAAAAA&ccb=7-4&oh=6048bfb3bb60ce27e48e33d82102f932&oe=6073F8BF&_nc_sid=4f375e;video/mp4;https://scontent-iad3-1.cdninstagram.com/v/t50.2886-16/10000000_499801598063583_986328063096059493_n.mp4?_nc_ht=scontent-iad3-1.cdninstagram.com&_nc_cat=103&_nc_ohc=oXxENWlJUzIAX8Cv7ab&edm=AP_V10EAAAAA&ccb=7-4&oe=6074803D&oh=ca20a9d2769bf1a04f71a1bc73d2f876&_nc_sid=4f375e;No verificado;"21";"367";"112";"NO MIENTAN M√ÅS.- Israel\n\nEl nuevo single de #Israel es un rock protesta que necesita ser compartido especialmente en estos tiempos! Para escuchar la canci√≥n completa ve a nuestro canal de YouTube, link en bio\n\n#nomientanm√°s #andresnomientasotravez #elanÃÉodelrock #vuelveelrocklatino #rocknrollstyle #rocklifeculture #elrockesteÃÅconustedes #masquevencedores #somoslasaldelatierraüåé #nadaesimposible #esperanzaporelcambio #nuevaadministracion #nuevatemporada";2021-04-08T14:44:06.000Z
#lassoesmoreno;2021-04-10T14:46:08.809715;micaelabazques1234;"";"Photo by Camila Sosa on March 03, 2021. May be an image of road and text that says 'Tiemo real TRANSPORTE ESCOLAR EN QUIEBRA PROTESTA CONTRA LOS BANCOS Y EL GOBIERNO WWW.ENTIEMPOREAL.ORG'.";https://scontent-bos3-1.cdninstagram.com/v/t51.2885-15/e35/156740849_2878968175748753_6835691238976531792_n.jpg?tp=1&_nc_ht=scontent-bos3-1.cdninstagram.com&_nc_cat=105&_nc_ohc=iwNMyFY_7DwAX8w70Pc&edm=AP_V10EAAAAA&ccb=7-4&oh=1b77b96ae552c84fb6aeb27f9ee16d98&oe=6098A589&_nc_sid=4f375e;jpg;;No verificado;"102";"216";"65";"#notecreo corrupci√≥n y m√°s corrupci√≥n ! #lassoesmoreno";2021-03-04T02:53:33.000Z
#lassoesmoreno;2021-04-10T14:46:35.352233;alexandragarcia5753;"";"Photo by Alexandra Garcia on March 02, 2021. May be an image of 1 person and text that says 'Ecuador Play BANCO DE GUAYAQUIL SAC√ì DEL PA√çS 136.4 MILLONES DE D√ìLARES EN EL 2019 RANQUIEDOS'.";https://scontent-bos3-1.cdninstagram.com/v/t51.2885-15/e35/156425106_5251917161516173_5398062602584502711_n.jpg?tp=1&_nc_ht=scontent-bos3-1.cdninstagram.com&_nc_cat=101&_nc_ohc=RBPSA47vjyYAX-fQ7MT&edm=AP_V10EAAAAA&ccb=7-4&oh=ca45021dff06ab37c3a319b566bd48fb&oe=60990E43&_nc_sid=4f375e;jpg;;No verificado;"97";"438";"797";"#LassoEsMoreno";2021-03-03T00:10:52.000Z
#lassoesmoreno;2021-04-10T14:47:01.616735;alianzaporelfuturo;"";"";https://scontent-bos3-1.cdninstagram.com/v/t51.2885-15/e35/156359078_3645985715454772_5986801874063718763_n.jpg?tp=1&_nc_ht=scontent-bos3-1.cdninstagram.com&_nc_cat=104&_nc_ohc=0_8LzvGm-iYAX86qevz&edm=AP_V10EAAAAA&ccb=7-4&oh=582d8d5fc5318a82f8396af7e591873a&oe=607477D6&_nc_sid=4f375e;video/mp4;blob:https://www.instagram.com/0c12ba69-01ec-4ca6-8d0b-b35434aaa578;No verificado;"65";"420";"7";"Don @guillermolasso la pas√≥ mal. Al menos tuvo los CDR para pagar el entrenador de tenis.\n\n#guayaquil #ecuador #feriado #banco #lasso #lassoesmoreno #corrupcion #elecciones #11A #arauz #todo1";2021-03-05T11:53:35.000Z
#lassoesmoreno;2021-04-10T14:47:28.054247;ginger.jimenez.3745;"";"";https://scontent-bos3-1.cdninstagram.com/v/t51.2885-15/e35/161402655_4148912701786940_2019243583394364799_n.jpg?tp=1&_nc_ht=scontent-bos3-1.cdninstagram.com&_nc_cat=108&_nc_ohc=JHqnYHla608AX9Rt8D9&edm=AP_V10EAAAAA&ccb=7-4&oh=e55d33073cea985ce69dda957d924031&oe=60744FF7&_nc_sid=4f375e;video/mp4;blob:https://www.instagram.com/c438a6c2-53d0-43ee-80d8-c81511ac94af;No verificado;"225";"451";"542";"#LassoNuncaSerasPresidente #LassoMiente #VacunasVip #PlanVacunarseEc #LassoEsMoreno #LassoMentiroso #VacunacionVIP #Ecuador";2021-03-18T21:16:05.000Z
#lassoesmoreno;2021-04-10T14:47:54.101737;herederos_rc;"";"";https://scontent-bos3-1.cdninstagram.com/v/t51.2885-15/e35/133360896_3741416879249289_8021089762326757061_n.jpg?tp=1&_nc_ht=scontent-bos3-1.cdninstagram.com&_nc_cat=109&_nc_ohc=MGpdopXoVxEAX_AE0RR&edm=AP_V10EAAAAA&ccb=7-4&oh=09da704b491ce57267b9aac293b889fa&oe=60740B95&_nc_sid=4f375e;video/mp4;blob:https://www.instagram.com/7946017a-188b-4b7c-8941-60c7821208d1;No verificado;"442";"496";"737";"Para que la verdad aflore solo se requiere de tiempo.\n@LassoGuillermo es quien maneja los hilos del #PeorGobiernoDeLaHistoria, siendo art√≠fice de los despidos en masa de este a√±o so pretexto de la ""Ley Humanitaria""\n#LassoEsMoreno\n#LassoJamasSeraPresidente https://t.co/yl7AlGdpU8";2020-12-29T19:26:58.000Z
#lassoesmoreno;2021-04-10T14:48:19.799207;ginger.jimenez.3745;"";"Photo by Ginger Jimenez on February 24, 2021. May be an image of 4 people, people standing and text that says 'SE ENCIENDE LA POL√âMICA POR FOTO DE CRISTINA REYES'.";https://scontent-bos3-1.cdninstagram.com/v/t51.2885-15/e35/154076637_429663904784409_1455399901757374175_n.jpg?tp=1&_nc_ht=scontent-bos3-1.cdninstagram.com&_nc_cat=109&_nc_ohc=LDeNaPRdwg8AX_hOZ20&edm=AP_V10EAAAAA&ccb=7-4&oh=91cb6c1f6c35d393e04fce734d8c78d5&oe=6098D30C&_nc_sid=4f375e;jpg;;No verificado;"225";"451";"542";"#LassoNuncaSerasPresidente #LassoEsMoreno #RenunciaMoreno #ElPeorPresidenteDeLaHistoria";2021-02-25T00:39:09.000Z
#lassoesmoreno;2021-04-10T14:48:46.854755;alexandragarcia5753;"";"Photo by Alexandra Garcia on February 24, 2021. May be an image of 3 people and suit.";https://scontent-bos3-1.cdninstagram.com/v/t51.2885-15/e35/152826591_281553680060154_460616102801336348_n.jpg?tp=1&_nc_ht=scontent-bos3-1.cdninstagram.com&_nc_cat=106&_nc_ohc=YGfa8KFxnv4AX8X5OAs&edm=AP_V10EAAAAA&ccb=7-4&oh=57ff7edbd9a910b79f577c840dbe5bab&oe=6098ECC7&_nc_sid=4f375e;jpg;;No verificado;"97";"438";"797";"#RenunciaMoreno #LassoEsMoreno";2021-02-24T21:45:37.000Z
#lassoesmoreno;2021-04-10T14:49:14.096313;robertovasconez_oficial;"Dur√°n, Ecuador";"";https://scontent-bos3-1.cdninstagram.com/v/t51.2885-15/e35/152855291_781949249080149_1722025293098817447_n.jpg?tp=1&_nc_ht=scontent-bos3-1.cdninstagram.com&_nc_cat=109&_nc_ohc=mnHdP_SXoQMAX-aFv35&edm=AP_V10EAAAAA&ccb=7-4&oh=86f898ae4f14994d4530c67673680355&oe=60741C2D&_nc_sid=4f375e;video/mp4;blob:https://www.instagram.com/cceaeba9-6c7f-461b-9a4a-bc0f8c8e4d8d;No verificado;"341";"299";"544";"No queda ninguna duda #LassoEsMoreno";2021-02-23T15:58:53.000Z
#lassoesmoreno;2021-04-10T14:49:40.243808;micaelabazques1234;"";"Photo by Camila Sosa on March 02, 2021. May be an image of 2 people and text that says '¬°Un banquero nunca pierde! POR EL CAMBIO VAMOS ∆† LASSO PRESIDENTE CREO 21'.";https://scontent-bos3-1.cdninstagram.com/v/t51.2885-15/e35/155450155_413140866452117_3607414959735196373_n.jpg?tp=1&_nc_ht=scontent-bos3-1.cdninstagram.com&_nc_cat=105&_nc_ohc=pGRqdf3MMbQAX_DUXNc&edm=AP_V10EAAAAA&ccb=7-4&oh=ba966e8b3185e0e4d5be576ab94a53c4&oe=609773E3&_nc_sid=4f375e;jpg;;No verificado;"102";"216";"65";"#Asamblea #lassoesmoreno";2021-03-02T23:16:03.000Z
#lassoesmoreno;2021-04-10T14:50:06.851330;micaelabazques1234;"";"Photo by Camila Sosa on March 02, 2021. May be an image of 1 person and text that says 'Guillermo Lasso acepta que existe un acuerdo de ¬´gobernabilidad¬ª con el Gobierno Nacional Byron Gonzales hace 1 a√±o CREC'.";https://scontent-bos3-1.cdninstagram.com/v/t51.2885-15/e35/156076531_336433987755121_7061088769496058773_n.jpg?tp=1&_nc_ht=scontent-bos3-1.cdninstagram.com&_nc_cat=101&_nc_ohc=EWh2gCZozgQAX9p6DV_&edm=AP_V10EAAAAA&ccb=7-4&oh=1b8db8995c0a0275aa3bee54de325a17&oe=6095C22D&_nc_sid=4f375e;jpg;;No verificado;"102";"216";"65";"#lassoesmoreno #asamblea";2021-03-02T23:20:41.000Z
#lassoesmoreno;2021-04-10T14:50:33.410849;ebicamacho;"";"Photo by Ebi Camacho on January 12, 2021. May be an image of 1 person, outerwear and text that says 'M= MediosEcuatorianos Medios Ecuatorianos SI TE TOC√ì EN MESA TENDR√ÅS QUE PAGAR TU PRUEBA PCR Ministro de Salud anunci√≥ que los miembros de las Juntas Receptoras del Voto deber√°n presentar una prueba PCR negativa de coronavirus, el d√≠a de las elecciones. Esta ser√° pagada por ellos mismo.'.";https://scontent-bos3-1.cdninstagram.com/v/t51.2885-15/e35/137318611_898166357619196_304849175843854653_n.jpg?tp=1&_nc_ht=scontent-bos3-1.cdninstagram.com&_nc_cat=104&_nc_ohc=OfbzTzxVFbUAX_VJpTd&edm=AP_V10EAAAAA&ccb=7-4&oh=f68e29d83567e0822ca7ef789ea0cbda&oe=6095E7B9&_nc_sid=4f375e;jpg;;No verificado;"5.566";"35k";"672";"Quien tiene $60 a $80 para una #PCR?\nLos Ricos... Nebot & Lasso que se hicieron Millonarios robandonos...\n\n#LassoEsMoreno\n\n#EbiCamacho";2021-01-12T18:54:54.000Z
#lassoesmoreno;2021-04-10T14:50:58.971311;cesargualpa1;"";"Photo shared by CeÃÅsar Gualpa on March 04, 2021 tagging @frentejovenesrc, @juventudcorreista, @coalicion_por_la_patria, @rafaelcorreaespueblo, @lavozdelacoalicionnacional, @unesmujeres, @jdemocraticos1, @lealtad_ciudadana_rc, @correaes1, and @e.t.r.pichinchalista1. May be an image of standing and text that says '02-03-2021 TRES DE CADA 10 VIVEN CON MENOS EC DE USD 2,80 AL D√çA POBREZA Y POBREZA EXTREMA EN ECUADOR ESTE 2021'.";https://scontent-bos3-1.cdninstagram.com/v/t51.2885-15/e35/p1080x1080/156473884_724079991806921_2840906062178413399_n.jpg?tp=1&_nc_ht=scontent-bos3-1.cdninstagram.com&_nc_cat=105&_nc_ohc=9ukrgt68LXMAX_6O4YI&edm=AP_V10EAAAAA&ccb=7-4&oh=6926a33f7cebe866b014e9716865a3f4&oe=60985273&_nc_sid=4f375e;jpg;;No verificado;"161";"339";"63";"Pagaron la deuda en medio de la pandemia.\nDespidieron cerca de 600mil trabajadores.\nRemisi√≥n tributaria para los grandes deudores.\nReducci√≥n presupuestaria para salud y educaci√≥n.\nFlexibilizaci√≥n laboral.\nEl ‚Äúlegado‚Äù que nos deja el #ElPeorGobiernoDeLaHistoria #LassoEsMoreno";2021-03-04T22:03:51.000Z
#lassoesmoreno;2021-04-10T14:51:24.702783;noticias_ecuador_;"";"";https://scontent-bos3-1.cdninstagram.com/v/t51.2885-15/e15/122879844_378047783447008_6680631196739396943_n.jpg?tp=1&_nc_ht=scontent-bos3-1.cdninstagram.com&_nc_cat=104&_nc_ohc=7f8ZA2qstnIAX98oeFA&edm=AP_V10EAAAAA&ccb=7-4&oh=9db195da45118ea2735acedadc70cec0&oe=60745B62&_nc_sid=4f375e;video/mp4;blob:https://www.instagram.com/cb9e69a7-0401-44aa-a4d0-948edaba2dbc;No verificado;"2.863";"15,5k";"2.694";"La creatividad de la campa√±a de ‚Å¶@LassoGuillermo‚Å© (liderada por el ‚Äúcreativo‚Äù ‚Å¶@Polificcion‚Å©) hace tanta caga.. parecen m√°s inclinados a que pierda! Si ahora copian descaradamente y el #banquerooffshore acepta ser√° igual o peor que ‚Å¶@Lenin‚Å© Claro #LassoEsMoreno https://t.co/sNMaXGIHMV";2020-10-30T19:08:33.000Z
#lassoesmoreno;2021-04-10T14:51:50.339249;daydaysi84;"";"";https://scontent-bos3-1.cdninstagram.com/v/t51.2885-15/e35/141665862_872057910281014_7615904205875274170_n.jpg?tp=1&_nc_ht=scontent-bos3-1.cdninstagram.com&_nc_cat=110&_nc_ohc=SU4U3PLKcH4AX9dqh5i&edm=AP_V10EAAAAA&ccb=7-4&oh=fa38fbeaf66d9a28a96221de1bdf6b35&oe=607495A5&_nc_sid=4f375e;video/mp4;blob:https://www.instagram.com/c2def13a-24f3-4aa4-b58a-64f20ac61679;No verificado;"380";"524";"148";"#lassoesmoreno #votaciones2021 #votoconcienteecuador #verguenzaajena";2021-01-22T22:00:37.000Z
#lassoesmoreno;2021-04-10T14:52:15.971715;cesargualpa1;"";"";https://scontent-bos3-1.cdninstagram.com/v/t51.2885-15/e35/127682550_212210743818486_4196139760806072439_n.jpg?tp=1&_nc_ht=scontent-bos3-1.cdninstagram.com&_nc_cat=106&_nc_ohc=_kItW9Im-I4AX834D0t&edm=AP_V10EAAAAA&ccb=7-4&oh=106e73f4d7a9d3341105d9d3f7ff1d47&oe=60749C14&_nc_sid=4f375e;video/mp4;blob:https://www.instagram.com/17d6b865-c834-4bf9-b543-bf3860ed4c81;No verificado;"161";"339";"63";"#LassoEsMoreno #LassoEsMoreno #LassoEsMoreno";2020-11-24T16:08:23.000Z
#lassoesmoreno;2021-04-10T14:52:41.601181;dmiguelrubio;"";"Photo by Miguel Rubio Alarc√≥n on January 27, 2021. May be an image of food.";https://scontent-bos3-1.cdninstagram.com/v/t51.2885-15/e35/142961534_234776698200430_8870063168709938153_n.jpg?tp=1&_nc_ht=scontent-bos3-1.cdninstagram.com&_nc_cat=110&_nc_ohc=-IbtQSOvn8YAX9NsVZI&tn=RuVW2VrTobYv8_di&edm=AP_V10EAAAAA&ccb=7-4&oh=543dd487d3438f92aeca4effe1c6e0c1&oe=6095BAD3&_nc_sid=4f375e;jpg;;No verificado;"796";"655";"2.230";"Lo peor que ingenuos y pocos de verg√ºenza y alma dar√°n el voto al banquero. C√≥mplices criminales. #Ecuador #lassopresidente #LassoEsMoreno #ElPeorGobiernoDeLaHistoria";2021-01-27T16:25:30.000Z
#lassoesmoreno;2021-04-10T14:53:07.243648;ebicamacho;"";"";https://scontent-bos3-1.cdninstagram.com/v/t51.2885-15/e35/169137329_470897927431321_7854728509572199576_n.jpg?tp=1&_nc_ht=scontent-bos3-1.cdninstagram.com&_nc_cat=101&_nc_ohc=qFB_mzloWkMAX8-pp2W&edm=AP_V10EAAAAA&ccb=7-4&oh=f7bf0b438f4b6c3da14e9704ce3e673d&oe=6074555F&_nc_sid=4f375e;video/mp4;https://scontent-bos3-1.cdninstagram.com/v/t50.2886-16/10000000_3842542449170536_232040548796383346_n.mp4?_nc_ht=scontent-bos3-1.cdninstagram.com&_nc_cat=104&_nc_ohc=DU6JqwWv4osAX-c2Fi9&edm=AP_V10EAAAAA&ccb=7-4&oe=60744D39&oh=3ae721b732142a653e340189db0280d4&_nc_sid=4f375e;No verificado;"5.566";"35k";"672";"Ecuador\n\n#LassoEsMoreno";2021-04-06T22:31:04.000Z
#lassoesmoreno;2021-04-10T14:53:33.187132;ebicamacho;"";"Photo by Ebi Camacho on March 06, 2021. May be an image of 1 person.";https://scontent-bos3-1.cdninstagram.com/v/t51.2885-15/e35/157115897_540030686958514_4941852409058572273_n.jpg?tp=1&_nc_ht=scontent-bos3-1.cdninstagram.com&_nc_cat=110&_nc_ohc=mcJBqoe7OLIAX-wRxRD&edm=AP_V10EAAAAA&ccb=7-4&oh=1c69b8fbfef856a0da0643d2fec3526b&oe=6097DDBE&_nc_sid=4f375e;jpg;;No verificado;"5.566";"35k";"672";"#GuillermoLasso\n\nPone a #GabrielMartinez un simpatizante & afiliado de #Creo como Ministro de Gobierno, de #LeninMoreno.\n\n#LassoEsMoreno & no les importa que todos sepamos, asi de cara dura es #Lasso.\n\n#EbiCamacho";2021-03-06T14:42:59.000Z
#lassoesmoreno;2021-04-10T14:53:59.051611;colectivoenaccion;"";"Photo by C.A.C.En AccioÃÅn on March 07, 2021. May be an image of 1 person.";https://scontent-bos3-1.cdninstagram.com/v/t51.2885-15/e35/158216671_820899191838604_794980155212032775_n.jpg?tp=1&_nc_ht=scontent-bos3-1.cdninstagram.com&_nc_cat=104&_nc_ohc=skA8F55s1LcAX-0rOUT&edm=AP_V10EAAAAA&ccb=7-4&oh=dc248bc48b5be95632ae0c63437ac618&oe=6096F502&_nc_sid=4f375e;jpg;;No verificado;"1.202";"857";"2.298";"#LassoEsMoreno @ecuarauz @sdiaz969 @arturoescalav @cendemocratico @emenosc @norisarrollave @jorgevelezvelez @revolucionciudadanaec @mashirafaeloficial @pierinaescorrea @ricardoulcuangof @gamv6731 @mashijose_agualsaca @robertocuero1 @ronnyaleagasantos @alexandra.arce @maferpenab @blancaytati @noemicch @esthercuestasantana @anaraffoguevara @johannaortizofficial @blascolunaa @anaherrera.g @patricianunez_rc @cavozambrano @lenin_lara_rivadeneira @sofiaespinrcec @victoria.desintonio @ferdinanaz87 @panchofranciscol @humbertoalvaradoespinel1 @vanessafreirevergara @marcelaholguinn @jhajaira_urresta_lista1 @pabelml @belenmayorgat @leoberrezueta @surgentecolectivo @unesecuador @rednacionaldejovenesunes @herederos_rc @somossemilla_ec @andresarauz.ec @andresarauzpresidente @leonardoquirozl @vanessafreirevergara @fernandocedeno21 @livingtonpantaoficial.ec @scarlethpinoargote @melissazambrano @norisarrollave @raisacorral @jovenesconandres.ec @sandinin @carlos.rabascall @waltergomez3000 @mariaelsaviteri @eduardofrancoloor @johaortizv @lilianaduranaguilar @mpalacios102 @dependedeuno @patricio.Chavez.Zavala #elbinomiodelaesperanza #BinomioDeLaEsperanza #LaGiraDeLaEsperanza #LlegoRabascall #UnaGranFamilia #UnaGranFam√≠lia #GiraDeLaEsperanza #LivingtonPanta #GuillermoMor√°nEsRevoluci√≤n #LaRutaDeLaEsperanza #SeTrataDeTodos #ArauzRabascall #ARecuperarElFuturo #EcuadorEs1 #DependeDeTi #dependede1 #DependeDeUno #DependeDeTodos #CorreaVuelve #CorreaEs1 #SeTrataDeLosJovenes #EcuadorPrimero";2021-03-07T11:54:14.000Z
#lassoesmoreno;2021-04-10T14:54:24.765082;tomlopezarmen;"";"Photo by Tom√°s L√≥pez Armendaris üá™üá® on April 06, 2021. May be an image of 2 people, eyeglasses and text that says 'h A recuperar la Patria!'.";https://scontent-bos3-1.cdninstagram.com/v/t51.2885-15/e35/170168271_909919429795652_4765236667948829623_n.jpg?tp=1&_nc_ht=scontent-bos3-1.cdninstagram.com&_nc_cat=108&_nc_ohc=61LSLDmWtMsAX8bcot3&edm=AP_V10EAAAAA&ccb=7-4&oh=5ca827cb6d328ebc31169a9e639591fe&oe=60974349&_nc_sid=4f375e;jpg;;No verificado;"5.072";"5.580";"3.608";"Este domingo 11 de abril, con fe, con alegr√≠a, con entusiasmo y con convicci√≥n vamos por esa victoria contundente y definitiva para juntos recuperar la Patria y devolv√©rsela a las familias ecuatorianas.\n\n@ecuarauz Presidente\n@rabascallcarlos Vicepresidente\n\nVota todo 1\n\n#ArauzRabascall\n#ElBinomioDeLaEsperanza\n#ContigoConTodosAhora\n#EcuadorEsUno ‚òùüèªüá™üá®";2021-04-06T23:18:52.000Z
